id,Year_Birth,Education,Marital_Status,Income,Kidhome,Teenhome,Dt_Customer,Recency,NumDealsPurchases,NumWebPurchases,NumCatalogPurchases,NumStorePurchases,NumWebVisitsMonth,AcceptedCmp3,AcceptedCmp4,AcceptedCmp5,AcceptedCmp1,AcceptedCmp2,Complain,Response,target
0,1974,Master,Together,46014.0,1,1,21-01-2013,21,10,7,1,8,7,0,0,0,0,0,0,0,541
1,1962,Graduation,Single,76624.0,0,1,24-05-2014,68,1,5,10,7,1,1,0,0,0,0,0,0,899
2,1951,Graduation,Married,75903.0,0,1,08-04-2013,50,2,6,6,9,3,0,0,0,0,0,0,0,901
3,1974,Basic,Married,18393.0,1,0,29-03-2014,2,2,3,0,3,8,0,0,0,0,0,0,0,50
4,1946,PhD,Together,64014.0,2,1,10-06-2014,56,7,8,2,5,7,0,0,0,1,0,0,0,444
5,1952,Graduation,Single,47958.0,0,1,19-01-2013,8,2,6,3,5,5,0,0,0,0,0,0,0,407
6,1971,Graduation,Single,22804.0,1,0,31-07-2013,75,1,2,0,2,9,0,0,0,0,0,0,0,26
7,1978,Graduation,Widow,54162.0,1,1,18-03-2013,31,1,1,0,3,4,0,0,0,0,0,0,0,42
8,1968,Graduation,Married,45688.0,0,1,25-01-2014,20,2,3,1,8,4,0,1,0,0,0,0,0,306
9,1952,Graduation,Single,61823.0,0,1,18-02-2013,26,4,8,2,10,7,0,0,0,0,0,0,0,884
10,1966,Graduation,Divorced,67272.0,0,1,21-12-2013,12,3,6,2,12,5,0,0,0,0,0,0,0,733
11,1982,Graduation,Together,45203.0,2,0,23-03-2014,4,1,3,1,3,6,0,0,0,0,0,0,1,147
12,1949,Master,Married,62845.0,1,1,01-10-2012,3,11,3,4,10,8,0,1,0,0,0,0,0,1178
13,1951,Graduation,Married,53790.0,0,2,06-03-2014,86,3,7,2,8,6,0,0,0,0,0,0,0,542
14,1974,Graduation,Married,30631.0,1,0,12-07-2013,75,1,3,1,2,7,0,0,0,0,0,0,0,70
15,1977,Graduation,Married,75330.0,1,1,04-10-2012,94,4,10,3,12,6,0,0,0,0,0,0,0,1109
16,1969,Graduation,Married,80952.0,0,0,28-02-2013,20,1,8,5,11,8,0,1,1,1,0,0,1,1757
17,1960,PhD,Married,77037.0,0,1,13-10-2013,3,1,7,7,12,3,0,0,0,0,0,0,0,1123
18,1947,Master,Single,91712.0,0,0,17-10-2013,47,0,9,7,11,3,0,0,1,0,0,0,1,2217
19,1952,Master,Married,33444.0,1,1,03-11-2012,24,1,1,0,2,8,0,0,0,0,0,0,0,18
20,1961,Graduation,Married,49678.0,0,1,02-02-2013,81,2,6,2,4,7,0,0,0,0,0,0,0,315
21,1976,Master,Together,46106.0,1,1,11-05-2014,84,1,1,1,2,6,0,0,0,0,0,0,0,54
22,1953,Master,Married,59354.0,0,2,24-04-2014,59,1,4,4,7,3,0,0,0,0,0,0,0,459
23,1974,PhD,Together,30351.0,1,0,06-06-2013,19,1,3,0,2,9,0,0,0,0,0,0,1,46
24,1975,Graduation,Together,80144.0,0,0,30-09-2013,47,1,3,7,8,1,0,0,0,0,0,0,0,1367
25,1970,Graduation,Single,24163.0,1,1,12-10-2013,3,2,1,0,3,4,0,0,0,0,0,0,0,17
26,1976,Graduation,Together,78416.0,0,1,27-06-2014,99,2,7,7,10,3,0,0,0,0,0,0,0,1179
27,1975,Graduation,Married,23957.0,1,0,28-10-2012,47,1,2,0,3,6,0,0,0,0,0,0,1,68
28,1988,Master,Married,78285.0,0,0,28-10-2013,13,1,6,4,10,3,0,0,0,0,0,0,0,1427
29,1971,Graduation,Together,38590.0,1,0,15-05-2013,65,1,1,0,2,8,0,0,0,0,0,0,0,22
30,1986,Master,Married,28072.0,1,0,08-07-2013,10,1,1,0,3,7,0,0,0,0,0,0,0,47
31,1975,Graduation,Single,33249.0,1,0,20-02-2013,11,2,2,1,3,6,0,0,0,0,0,0,0,112
32,1974,Graduation,Single,69719.0,0,0,26-05-2014,99,1,2,3,5,1,0,0,0,0,0,0,0,801
33,1983,Graduation,Married,30096.0,1,0,22-05-2014,30,1,2,0,3,6,0,0,0,0,0,0,0,45
34,1956,Master,Married,62058.0,0,1,26-05-2013,52,4,6,1,7,6,0,0,0,0,0,0,0,450
35,1983,PhD,Together,70123.0,0,0,28-09-2013,27,1,5,7,4,3,0,1,0,0,1,0,0,1727
36,1973,2n Cycle,Together,69401.0,0,1,23-03-2014,41,4,4,4,5,2,0,0,0,0,0,0,0,690
37,1979,Graduation,Married,71626.0,0,0,01-11-2012,94,1,5,5,8,3,0,1,0,0,0,0,0,1305
38,1944,PhD,Divorced,55614.0,0,0,27-11-2013,85,1,9,4,6,7,0,1,0,0,0,0,0,682
39,1977,Graduation,Married,31353.0,1,1,29-12-2013,24,2,1,1,2,8,0,0,0,0,0,0,0,31
40,1972,Graduation,Single,72504.0,0,1,06-04-2013,43,2,5,9,6,2,0,0,0,0,0,0,0,1478
41,1975,Graduation,Married,27573.0,1,0,25-03-2013,45,4,5,1,4,8,0,0,0,0,0,0,0,244
42,1965,Master,Single,35791.0,2,1,06-05-2013,94,2,1,0,3,8,0,0,0,0,0,0,0,35
43,1971,Graduation,Divorced,43300.0,0,1,13-10-2012,87,3,4,0,4,8,0,0,0,0,0,0,1,180
44,1953,PhD,Together,64504.0,1,2,04-03-2013,81,7,11,3,4,7,0,0,0,0,0,0,1,1314
45,1985,Graduation,Single,29760.0,1,0,29-08-2012,87,4,3,1,4,8,0,0,0,0,0,0,0,165
46,1986,Graduation,Married,32880.0,1,0,04-12-2012,76,1,1,0,3,8,0,0,0,0,0,0,0,42
47,1959,PhD,Married,33762.0,2,1,07-07-2013,61,3,2,2,2,8,0,0,0,0,0,0,0,106
48,1986,2n Cycle,Married,7500.0,1,0,07-02-2013,96,2,2,0,3,8,0,0,0,0,0,0,0,36
49,1964,Graduation,Divorced,41638.0,0,1,13-02-2013,68,4,5,5,3,8,1,0,0,0,0,0,0,441
50,1954,Graduation,Single,22507.0,0,0,24-11-2012,67,3,10,2,4,9,0,0,0,0,0,0,0,570
51,1950,2n Cycle,Together,52203.0,0,0,31-07-2012,36,1,8,7,11,6,0,0,0,0,0,0,0,939
52,1968,Graduation,Divorced,36997.0,1,1,01-02-2013,72,5,2,1,4,5,0,0,0,0,0,0,0,94
53,1964,Graduation,Married,75236.0,0,1,25-11-2013,27,1,8,3,13,4,0,0,0,0,0,0,0,1068
54,1976,Graduation,Divorced,12571.0,1,0,18-01-2014,86,4,3,1,3,6,0,0,0,0,0,0,0,53
55,1989,Graduation,Single,18358.0,1,0,20-11-2013,49,3,3,0,4,7,0,0,0,0,0,0,0,57
56,1971,Graduation,Married,43824.0,1,1,15-09-2012,18,4,3,1,4,8,0,0,0,0,0,0,0,186
57,1965,2n Cycle,Married,76800.0,0,0,08-03-2014,33,1,4,4,7,1,0,0,0,0,0,0,0,641
58,1976,PhD,Together,37395.0,1,0,02-05-2014,47,1,1,0,3,6,0,0,0,0,0,0,0,39
59,1965,Graduation,Married,81168.0,0,0,07-05-2014,84,1,6,4,7,3,0,0,0,1,0,0,0,1193
60,1961,Master,Married,80950.0,0,0,28-03-2013,44,1,6,7,9,2,0,0,0,1,0,0,0,1213
61,1978,Graduation,Together,75437.0,0,0,09-11-2013,25,1,8,4,10,6,0,0,0,1,0,0,0,1493
62,1982,PhD,Together,70038.0,0,0,25-10-2013,54,1,4,4,8,2,0,0,0,0,0,0,0,1244
63,1982,Graduation,Married,79908.0,0,0,05-04-2013,30,1,5,6,7,2,0,0,1,0,0,0,0,1772
64,1973,Graduation,Single,65333.0,0,1,17-01-2014,58,7,9,4,8,6,0,1,1,0,0,0,0,798
65,1989,Graduation,Married,38360.0,1,0,31-05-2013,26,2,2,1,4,3,0,0,0,0,0,0,0,131
66,1965,PhD,Single,40637.0,1,1,17-07-2013,72,2,1,0,3,7,0,0,0,0,0,0,0,38
67,1976,Master,Divorced,75012.0,0,0,25-01-2014,41,1,3,8,11,1,0,0,0,0,0,0,0,1027
68,1966,Master,Divorced,29435.0,1,1,06-08-2012,11,4,3,2,2,9,0,0,0,0,0,0,1,180
69,1949,Master,Widow,47570.0,1,1,29-05-2013,3,3,2,2,2,7,0,0,0,0,0,0,1,121
70,1966,Graduation,Together,43482.0,2,1,13-11-2013,83,3,2,0,4,6,0,0,0,0,0,0,0,88
71,1989,Graduation,Married,75433.0,1,0,05-04-2014,28,2,2,5,10,6,0,1,0,1,0,0,0,1188
72,1955,Master,Together,82384.0,0,0,19-11-2012,55,1,3,10,13,1,0,0,1,0,0,0,1,1957
73,1970,Graduation,Married,50447.0,2,0,21-04-2014,4,1,3,1,3,6,0,0,0,0,0,0,0,148
74,1965,Graduation,Married,69139.0,0,1,27-01-2014,23,1,4,1,5,4,0,0,0,0,0,0,0,227
75,1965,Master,Together,65735.0,1,1,07-12-2013,37,5,6,2,6,7,0,0,0,0,0,0,0,395
76,1976,2n Cycle,Together,26907.0,1,1,20-08-2013,10,2,1,0,3,7,0,0,0,0,0,0,0,22
77,1980,Graduation,Married,33228.0,1,0,23-01-2014,28,1,2,0,3,7,0,0,0,0,0,0,0,71
78,1983,Master,Married,36262.0,0,0,20-09-2013,24,1,3,5,3,6,1,0,0,0,0,0,1,426
79,1961,PhD,Married,57072.0,0,1,24-01-2014,79,2,7,5,13,5,1,0,0,0,0,0,0,1034
80,1969,Graduation,Single,30822.0,1,0,14-06-2013,92,1,1,0,3,7,0,0,0,0,0,0,0,51
81,1953,PhD,Single,46231.0,2,1,26-11-2012,87,4,6,1,4,9,0,0,0,0,0,0,0,263
82,1971,Graduation,Together,16626.0,2,0,15-01-2014,76,3,3,0,3,9,0,0,0,0,0,0,0,68
83,1954,Master,Widow,44551.0,0,1,31-08-2013,24,2,4,1,5,7,0,0,0,0,0,0,0,285
84,1952,Graduation,Divorced,51537.0,0,1,09-12-2012,27,3,2,2,11,8,0,0,0,0,0,0,0,1103
85,1971,Graduation,Married,36715.0,1,0,17-11-2012,16,6,7,2,4,9,0,0,0,0,0,0,1,357
86,1978,Graduation,Divorced,55563.0,0,1,05-04-2014,22,1,2,0,3,3,0,0,0,0,0,0,0,43
87,1949,Graduation,Widow,72643.0,0,0,27-02-2013,60,1,3,10,7,2,0,0,0,1,0,0,1,1429
88,1984,Graduation,Married,90000.0,0,0,23-12-2013,91,1,4,8,5,1,1,0,1,1,0,0,0,1479
89,1963,Master,Divorced,49476.0,0,1,20-06-2013,29,4,2,11,5,2,0,0,0,0,0,0,0,795
90,1946,PhD,Together,64014.0,2,1,10-06-2014,56,7,8,2,5,7,0,0,0,1,0,0,0,444
91,1963,PhD,Married,4023.0,1,1,23-06-2014,29,15,0,0,0,19,0,0,0,0,0,0,0,9
92,1989,Graduation,Single,46107.0,1,0,10-02-2014,78,1,1,1,4,3,0,0,0,0,0,0,0,125
93,1970,Graduation,Widow,31880.0,1,0,31-10-2012,13,1,1,0,2,8,0,0,0,0,0,0,0,15
94,1958,PhD,Together,84460.0,0,0,04-01-2013,80,0,9,9,4,5,0,1,1,1,1,0,1,523
95,1960,Master,Together,41275.0,1,2,24-03-2014,33,4,3,1,3,5,0,0,0,0,0,0,0,61
96,1971,PhD,Married,32011.0,1,0,22-08-2013,89,3,2,1,4,7,0,0,0,0,0,0,0,122
97,1971,PhD,Together,32892.0,1,0,25-05-2014,78,2,3,0,3,8,0,0,0,0,0,0,0,46
98,1986,Graduation,Single,26816.0,0,0,17-08-2012,50,1,0,0,3,4,0,0,0,0,0,0,0,22
99,1959,Graduation,Divorced,63033.0,0,0,15-11-2013,82,1,3,4,8,2,0,0,0,0,0,0,0,1102
100,1976,PhD,Divorced,14849.0,1,0,02-07-2013,39,3,2,0,4,8,0,0,0,0,0,0,0,65
101,1959,Graduation,Divorced,23295.0,0,0,13-07-2013,72,1,1,0,2,8,0,0,0,0,0,0,0,20
102,1958,2n Cycle,Single,75342.0,0,1,06-05-2013,38,1,5,2,10,4,0,0,0,0,0,0,0,563
103,1973,Graduation,Married,65308.0,0,0,11-09-2013,60,1,7,8,12,4,0,0,1,1,0,0,0,1211
104,1950,PhD,Married,48699.0,1,1,21-05-2013,90,1,1,0,3,5,0,0,0,0,0,0,0,40
105,1951,2n Cycle,Married,78497.0,0,0,01-12-2013,44,1,5,7,12,2,0,0,0,1,0,0,0,978
106,1971,Graduation,Married,52914.0,0,1,07-01-2013,32,2,7,3,3,7,1,0,0,0,0,0,0,575
107,1979,Graduation,Together,21645.0,1,0,03-09-2012,75,3,3,0,3,9,0,0,0,0,0,0,1,65
108,1984,PhD,Single,42710.0,1,0,28-11-2012,38,2,4,5,3,6,0,0,0,0,0,0,0,406
109,1975,Graduation,Single,55801.0,1,1,22-09-2013,35,6,7,2,6,7,0,0,0,1,0,0,0,527
110,1965,Graduation,Together,33456.0,1,1,21-04-2014,58,2,1,0,3,7,0,0,0,0,0,0,0,36
111,1986,Master,Together,42386.0,1,0,13-01-2013,43,1,3,0,3,8,0,0,0,0,0,0,0,100
112,1965,Graduation,Together,29672.0,1,1,12-03-2013,6,1,0,0,3,6,0,0,0,0,0,0,0,25
113,1986,Graduation,Together,34728.0,1,0,30-07-2013,2,1,1,1,2,6,0,0,0,0,0,0,1,36
114,1972,PhD,Together,38887.0,1,0,02-03-2014,17,1,1,0,3,7,0,0,0,0,0,0,0,42
115,1976,Master,Married,81929.0,1,0,29-09-2012,60,2,4,4,10,6,1,0,1,0,0,0,1,2053
116,1965,Graduation,Together,36317.0,0,1,22-05-2013,53,2,3,0,4,7,0,0,0,0,0,0,0,133
117,1955,PhD,Together,75261.0,0,0,23-04-2013,17,1,5,6,5,2,0,1,1,0,0,0,1,1743
118,1971,Graduation,Married,52531.0,0,0,30-12-2012,68,2,7,2,10,6,0,0,0,0,0,0,0,794
119,1975,PhD,Divorced,60554.0,1,0,09-08-2013,8,2,8,4,9,6,0,0,0,0,0,0,0,811
120,1954,Master,Divorced,62637.0,0,1,01-03-2014,76,1,2,2,5,2,0,0,0,0,0,0,0,185
121,1984,Graduation,Married,31761.0,1,0,05-04-2014,96,2,3,0,4,5,0,0,0,0,0,0,0,98
122,1970,Graduation,Married,72940.0,0,0,19-06-2013,13,1,3,3,6,1,0,0,0,0,0,0,0,981
123,1964,PhD,Married,65526.0,0,1,11-04-2014,22,1,4,4,8,2,0,0,0,0,0,0,0,506
124,1947,2n Cycle,Married,81044.0,0,0,27-12-2013,0,1,5,6,10,1,0,0,0,0,0,0,0,1208
125,1961,Graduation,Single,82014.0,0,0,20-08-2012,48,1,3,6,12,6,0,0,0,0,0,0,1,1511
126,1951,Master,Together,39767.0,0,0,21-07-2013,18,2,7,1,7,8,0,0,0,0,0,0,0,485
127,1958,Basic,Single,15056.0,1,1,03-05-2013,76,5,2,2,3,5,0,0,0,0,0,0,0,88
128,1982,Graduation,Married,28718.0,1,0,13-07-2013,78,2,2,0,3,8,0,0,0,0,0,0,0,57
129,1965,Graduation,Single,23478.0,0,0,19-03-2013,51,1,3,0,3,8,0,0,0,0,0,0,0,129
130,1963,Graduation,Single,80695.0,0,0,29-12-2013,85,1,5,8,5,2,0,0,0,0,0,0,0,1918
131,1979,Graduation,Married,58025.0,0,1,26-11-2013,81,3,3,2,10,4,0,0,0,0,0,0,0,470
132,1967,Graduation,Married,22574.0,2,1,28-10-2013,28,2,2,0,3,7,0,0,0,0,0,0,0,37
133,1975,PhD,Married,76618.0,0,0,07-12-2012,64,1,3,2,5,1,0,0,0,0,0,0,0,1511
134,1989,2n Cycle,Together,10404.0,1,0,04-05-2014,52,2,1,0,4,5,0,0,0,0,0,0,0,43
135,1974,Graduation,Married,44989.0,0,1,12-09-2012,26,5,5,1,5,6,0,0,0,0,0,0,0,369
136,1975,Graduation,Married,46149.0,0,1,29-11-2013,36,5,5,1,7,5,0,0,0,0,0,0,0,362
137,1975,Graduation,Divorced,83829.0,0,0,08-10-2013,78,0,4,7,6,1,1,0,1,1,0,0,1,1862
138,1971,2n Cycle,Married,78041.0,0,0,16-12-2012,93,1,4,4,9,2,0,0,0,0,0,0,0,1319
139,1987,Basic,Single,15038.0,1,0,29-01-2013,93,2,2,1,2,9,0,0,0,0,0,0,0,80
140,1982,Graduation,Together,40479.0,1,0,17-08-2013,95,1,0,0,3,4,0,0,0,0,0,0,0,15
141,1979,Graduation,Married,7500.0,0,1,29-08-2012,61,1,1,0,2,8,0,0,0,0,0,0,0,18
142,1985,Graduation,Married,55357.0,2,0,19-02-2013,66,3,6,2,11,5,0,0,0,0,0,0,0,727
143,1947,Graduation,Together,74485.0,0,0,24-08-2013,58,1,6,7,12,3,0,0,0,0,0,0,0,1734
144,1950,PhD,Together,50616.0,0,1,13-04-2014,71,1,1,1,4,2,0,0,0,0,0,0,0,67
145,1989,2n Cycle,Married,85710.0,0,0,05-05-2013,5,1,6,9,10,2,0,0,1,0,0,0,0,1062
146,1971,Graduation,Married,70886.0,1,0,14-10-2013,65,1,5,4,4,2,0,0,0,0,0,0,0,960
147,1953,Graduation,Together,58398.0,0,0,14-05-2013,44,3,5,4,8,4,0,0,0,0,0,0,0,596
148,1948,PhD,Together,46681.0,0,2,08-10-2013,52,2,4,6,4,5,0,0,0,0,0,0,0,425
149,1978,Graduation,Married,66373.0,1,1,12-06-2013,57,7,4,2,10,3,0,0,0,0,0,0,0,606
150,1969,PhD,Married,55212.0,0,1,23-11-2012,65,3,4,2,11,8,0,1,0,0,1,0,0,1182
151,1985,Graduation,Together,29103.0,1,0,27-08-2012,38,2,1,0,3,9,0,0,0,0,0,0,0,48
152,1977,Master,Married,50353.0,0,0,08-06-2014,72,1,4,4,6,3,0,0,0,0,0,0,0,442
153,1977,PhD,Married,28973.0,0,0,13-10-2012,59,2,5,1,5,8,0,0,0,0,0,0,0,269
154,1991,Graduation,Single,49767.0,0,0,02-05-2013,92,1,5,4,8,4,0,0,0,0,0,0,0,692
155,1975,Graduation,Single,53201.0,1,1,12-02-2013,49,8,6,3,5,7,0,0,0,0,0,0,0,415
156,1957,PhD,Married,44155.0,1,1,19-01-2014,24,1,1,1,2,4,0,0,0,0,0,0,0,46
157,1970,Graduation,Single,83273.0,1,2,25-09-2012,98,10,4,6,9,7,0,0,0,0,0,0,0,1392
158,1970,Master,Single,44802.0,0,0,21-08-2012,71,2,9,4,12,8,0,0,0,0,0,0,0,1049
159,1982,PhD,Married,84169.0,0,0,07-08-2013,9,1,7,6,6,3,0,1,1,0,0,0,1,1919
160,1978,Graduation,Together,41580.0,1,1,10-12-2012,15,3,2,1,3,5,0,0,0,0,0,0,0,92
161,1970,Graduation,Divorced,58710.0,0,1,31-03-2013,77,6,11,5,9,6,0,0,0,0,0,0,0,1185
162,1958,Master,Married,51412.0,0,1,31-12-2013,42,2,3,2,4,4,0,0,0,0,0,0,0,195
163,1950,Graduation,Together,28320.0,0,1,14-01-2013,68,1,1,0,3,8,0,0,0,0,0,0,0,43
164,1969,Graduation,Together,76653.0,0,0,16-08-2013,91,1,4,7,11,2,0,0,1,1,0,0,0,2279
165,1970,Graduation,Divorced,64713.0,1,0,07-02-2014,11,2,5,5,7,4,0,0,0,0,0,0,1,602
166,1958,PhD,Together,78952.0,0,1,24-09-2012,11,2,2,5,12,6,0,0,0,0,0,0,0,2092
167,1976,Graduation,Married,7500.0,1,0,01-08-2012,19,5,4,1,2,9,1,0,0,0,0,0,1,71
168,1983,Graduation,Together,43776.0,1,0,03-05-2014,77,1,1,0,2,6,0,0,0,0,0,0,0,23
169,1975,PhD,Married,40233.0,0,1,14-10-2013,84,5,2,1,5,6,0,0,0,0,0,0,0,149
170,1959,Graduation,Married,35701.0,0,0,19-03-2013,36,1,1,0,3,6,0,0,0,0,0,0,0,46
171,1969,Graduation,Married,25293.0,1,0,15-09-2013,51,1,1,1,2,8,0,0,0,0,0,0,0,37
172,1979,Graduation,Together,90300.0,0,0,03-01-2014,7,0,5,6,8,1,0,0,1,0,0,0,0,1738
173,1973,Basic,Together,9722.0,1,0,02-10-2012,7,4,3,1,3,8,0,0,0,0,0,0,1,103
174,1989,Master,Together,88420.0,0,0,02-05-2014,87,1,4,7,8,1,1,0,1,1,0,0,0,2069
175,1976,Graduation,Married,39356.0,1,1,19-03-2014,21,1,1,0,2,6,1,0,0,0,0,0,0,23
176,1952,Graduation,Together,43462.0,1,1,12-09-2012,50,6,4,1,5,8,0,0,0,0,0,0,0,240
177,1959,Graduation,Divorced,61250.0,0,1,16-12-2012,49,6,5,2,12,5,0,0,0,0,0,0,0,730
178,1963,Master,Together,38620.0,0,0,11-05-2013,56,1,2,5,3,3,0,0,0,0,0,0,0,318
179,1941,PhD,Married,93027.0,0,0,13-04-2013,77,0,7,10,5,2,0,0,1,0,0,0,0,2119
180,1969,Master,Married,43142.0,1,1,18-02-2014,84,1,1,0,2,7,0,0,0,0,0,0,0,20
181,1972,Graduation,Married,62710.0,0,1,23-05-2013,53,4,4,2,12,4,0,0,0,0,0,0,0,606
182,1971,Graduation,Divorced,1730.0,0,0,18-05-2014,65,15,0,0,0,20,0,0,0,0,0,0,0,8
183,1982,PhD,Together,32313.0,1,0,11-02-2013,60,3,4,0,4,9,0,0,0,0,0,0,0,159
184,1951,Graduation,Together,40689.0,0,1,18-03-2013,69,7,7,1,5,8,0,0,0,0,0,0,0,444
185,1969,Graduation,Married,52413.0,0,2,02-02-2013,56,4,6,4,12,6,0,0,0,0,0,0,0,910
186,1949,2n Cycle,Widow,74859.0,0,0,03-06-2013,63,1,6,5,11,3,0,0,0,1,0,0,0,1565
187,1957,PhD,Married,37633.0,1,1,20-09-2012,49,2,1,0,3,9,0,0,0,0,0,0,0,38
188,1966,Graduation,Married,80398.0,0,0,10-11-2012,92,1,5,8,12,3,0,0,1,0,0,0,0,1597
189,1983,Graduation,Together,22010.0,1,0,30-06-2013,51,2,2,0,3,8,0,0,0,0,0,0,0,33
190,1973,Graduation,Widow,42429.0,0,1,11-02-2014,99,2,1,1,3,5,0,0,0,0,0,0,0,67
191,1948,Graduation,Married,42192.0,0,0,06-09-2013,40,1,2,1,3,4,0,0,0,0,0,0,0,100
192,1963,Graduation,Divorced,68118.0,0,1,18-10-2013,51,2,8,9,4,6,0,0,0,0,0,0,0,928
193,1970,Graduation,Together,67419.0,0,1,16-01-2013,29,4,9,4,8,5,0,0,0,0,0,0,0,1471
194,1976,Graduation,Married,5305.0,0,1,30-07-2013,12,0,1,0,0,13,0,0,0,0,0,0,0,32
195,1975,PhD,Together,61905.0,0,1,04-02-2014,2,2,4,2,4,5,0,0,0,0,0,0,0,231
196,1988,Graduation,Married,68487.0,0,0,13-01-2013,48,1,9,7,13,4,0,0,0,0,0,0,0,1366
197,1974,Graduation,Married,34421.0,1,0,01-07-2013,81,1,1,0,2,7,0,0,0,0,0,0,0,30
198,1952,PhD,Together,69805.0,0,1,21-01-2014,50,2,6,8,11,2,0,0,0,0,0,0,0,1038
199,1958,PhD,Divorced,32173.0,0,1,01-08-2013,0,1,1,0,3,4,0,0,0,0,0,0,0,22
200,1978,Master,Single,35544.0,1,0,08-03-2014,77,1,2,0,3,7,0,0,0,0,0,0,0,67
201,1970,PhD,Single,57642.0,0,1,09-01-2014,24,3,7,6,6,4,1,0,0,0,0,0,0,679
202,1961,PhD,Together,66426.0,0,1,02-10-2013,14,2,3,5,10,6,0,0,0,0,0,0,0,1377
203,1973,PhD,Married,37401.0,1,0,06-05-2014,14,2,2,0,3,7,0,0,0,0,0,0,0,48
204,1955,Graduation,Married,50737.0,0,1,11-05-2013,61,1,2,0,4,6,0,1,0,0,0,0,0,99
205,1972,Master,Married,57136.0,1,1,09-07-2013,48,9,5,2,10,6,0,0,0,0,0,0,0,642
206,1969,Graduation,Together,58917.0,1,2,24-03-2013,10,5,4,1,6,5,0,0,0,0,0,0,0,282
207,1989,Graduation,Married,37155.0,1,0,31-01-2013,51,1,2,0,4,5,0,0,0,0,0,0,0,74
208,1952,Basic,Together,13084.0,0,0,02-11-2013,29,1,1,0,3,6,0,0,0,0,0,0,0,29
209,1962,PhD,Divorced,85696.0,0,0,03-05-2013,88,1,4,6,9,1,0,0,0,0,0,0,1,1313
210,1948,PhD,Widow,82032.0,0,0,05-04-2014,54,0,4,6,7,1,0,0,0,0,0,0,0,1234
211,1966,Graduation,Single,37070.0,1,1,20-03-2013,30,9,5,1,8,7,0,0,0,0,0,0,1,433
212,1948,PhD,Single,60200.0,0,1,02-01-2013,3,6,6,2,11,6,0,0,0,0,0,0,0,685
213,1978,2n Cycle,Together,63855.0,0,0,09-02-2013,28,1,7,3,13,4,0,0,0,0,0,0,0,1006
214,1983,Graduation,Single,101970.0,0,0,12-03-2013,69,0,6,8,13,2,0,1,1,1,0,0,1,1135
215,1956,Master,Together,34941.0,1,1,06-03-2013,26,2,3,0,3,8,0,0,0,0,0,0,0,97
216,1969,Graduation,Together,54165.0,0,0,28-05-2013,72,1,2,1,7,2,0,0,0,0,0,0,0,236
217,1976,Graduation,Divorced,46310.0,1,0,03-12-2012,99,2,6,1,5,8,0,0,0,0,0,0,0,309
218,1960,Master,Divorced,39228.0,0,0,10-05-2013,1,1,0,0,3,4,0,0,0,0,0,0,0,20
219,1974,PhD,Single,39190.0,1,0,26-04-2014,91,2,2,1,4,5,0,0,0,0,0,0,0,133
220,1985,Graduation,Single,70596.0,0,0,05-10-2012,68,1,3,5,12,2,0,0,0,0,0,0,0,968
221,1962,PhD,Divorced,85696.0,0,0,03-05-2013,88,1,4,6,9,1,0,0,0,0,0,0,1,1313
222,1978,Graduation,Married,33039.0,1,0,09-09-2013,4,1,2,0,4,5,0,0,0,0,0,0,0,78
223,1975,PhD,Together,56559.0,0,1,25-12-2012,46,3,4,3,8,4,0,0,0,0,0,0,0,484
224,1969,Graduation,Married,56796.0,0,1,16-02-2013,24,3,8,9,7,7,0,0,0,0,0,0,0,1001
225,1979,Graduation,Single,60474.0,0,1,01-04-2013,25,7,10,2,12,7,0,0,0,0,0,0,0,1180
226,1970,PhD,Together,65968.0,0,1,12-05-2014,12,2,5,4,7,3,0,0,0,0,0,0,0,495
227,1965,PhD,Single,40760.0,0,1,30-08-2013,64,2,2,1,3,6,0,0,0,0,0,0,0,93
228,1955,PhD,Married,38725.0,1,1,10-05-2014,52,2,1,0,4,4,0,0,0,0,0,0,0,45
229,1955,Graduation,Single,80317.0,0,0,20-08-2013,64,1,3,4,10,1,0,0,0,0,0,0,0,1231
230,1963,Graduation,Married,22419.0,0,0,18-04-2013,74,1,3,2,2,8,0,0,0,0,0,0,0,162
231,1962,PhD,Married,42769.0,0,1,12-10-2013,15,2,1,1,4,4,0,0,0,0,0,0,0,88
232,1955,Graduation,Together,38946.0,0,1,24-10-2013,84,2,3,1,6,5,0,0,0,0,0,0,0,257
233,1976,PhD,Single,60000.0,0,1,22-12-2012,57,5,11,3,5,6,0,0,0,0,0,0,0,1277
234,1958,Graduation,Together,53977.0,0,1,08-06-2013,21,5,5,5,12,5,0,0,0,0,0,0,0,907
235,1957,Graduation,Together,50116.0,1,1,20-06-2014,68,2,1,0,4,5,0,1,0,0,0,0,0,66
236,1972,Graduation,Married,59666.0,1,1,22-03-2013,87,7,3,2,8,8,0,1,0,0,0,0,0,1027
237,1969,PhD,Married,55212.0,0,1,23-11-2012,65,3,4,2,11,8,0,1,0,0,1,0,0,1182
238,1974,Master,Married,58494.0,0,1,12-12-2013,56,2,6,2,6,6,0,0,0,0,0,0,0,396
239,1977,Graduation,Married,54809.0,1,1,11-09-2013,0,4,2,1,5,4,0,0,0,0,0,0,0,174
240,1989,Graduation,Single,30279.0,1,0,30-12-2012,13,1,1,0,3,8,0,0,0,0,0,0,0,37
241,1993,Graduation,Single,74293.0,0,0,04-05-2014,66,1,5,4,6,2,0,0,0,0,0,0,0,1127
242,1966,Graduation,Married,44529.0,0,1,05-07-2013,98,6,6,2,11,5,0,1,0,0,0,0,0,691
243,1975,Master,Married,92163.0,0,0,12-12-2012,25,0,5,11,5,2,0,0,1,1,0,0,1,2086
244,1960,Master,Married,30522.0,0,1,17-08-2012,6,5,1,2,9,2,0,0,0,0,0,0,0,326
245,1974,PhD,Divorced,25509.0,1,0,18-09-2012,15,3,3,0,3,9,0,0,0,0,0,0,1,101
246,1976,PhD,Together,162397.0,1,1,03-06-2013,31,0,0,0,1,1,0,0,0,0,0,0,0,107
247,1973,Graduation,Married,20895.0,1,0,06-10-2012,24,1,2,0,3,9,0,0,0,0,0,0,0,45
248,1964,2n Cycle,Married,62905.0,0,1,10-09-2013,68,3,7,2,8,4,0,0,0,0,0,0,0,622
249,1959,PhD,Married,38829.0,0,1,06-04-2014,86,1,3,2,2,5,0,0,0,0,0,0,0,99
250,1962,Graduation,Married,83715.0,0,0,03-02-2014,2,1,2,8,13,0,0,0,0,0,0,0,0,926
251,1954,Graduation,Divorced,70044.0,0,1,18-02-2013,46,4,7,10,5,5,0,0,0,0,0,0,0,1504
252,1983,Graduation,Together,37292.0,1,0,18-04-2013,32,5,6,3,5,8,0,0,0,0,0,0,0,460
253,1986,Graduation,Married,22518.0,1,0,22-10-2012,36,2,2,1,2,5,1,0,0,0,0,0,1,61
254,1984,Master,Married,42207.0,1,0,01-04-2013,71,4,4,1,5,6,1,0,0,0,0,0,1,265
255,1956,2n Cycle,Together,58821.0,0,1,12-10-2013,44,1,9,2,9,6,0,0,0,0,0,0,0,728
256,1990,Graduation,Married,18929.0,0,0,16-02-2013,15,1,1,0,4,6,0,0,0,0,0,0,0,85
257,1953,Graduation,Married,47703.0,0,1,29-05-2013,95,4,6,3,8,5,0,0,0,0,0,0,0,655
258,1971,2n Cycle,Together,26850.0,1,1,18-04-2014,10,4,2,1,4,4,0,0,0,0,0,0,0,63
259,1977,Graduation,Together,33178.0,1,0,30-01-2014,9,1,1,0,3,4,0,0,0,0,0,0,0,49
260,1968,Master,Together,32889.0,1,1,06-09-2013,78,3,2,1,3,5,0,0,0,0,0,0,0,55
261,1958,Graduation,Single,49967.0,0,1,08-07-2013,4,3,6,1,5,7,0,0,0,0,0,0,0,306
262,1976,Master,Married,33181.0,1,0,03-01-2014,90,1,1,0,2,6,1,0,0,0,0,0,0,16
263,1971,Master,Together,71499.0,0,1,25-06-2013,12,2,8,3,13,4,0,0,0,0,0,0,0,795
264,1968,Graduation,Married,19329.0,1,0,14-12-2013,39,3,4,0,3,8,0,0,0,0,0,0,0,60
265,1992,Basic,Single,15253.0,1,0,28-10-2013,13,2,1,0,3,7,0,0,0,0,0,0,0,29
266,1972,Master,Single,49494.0,1,0,25-04-2013,46,2,6,1,5,7,0,0,0,0,0,0,0,385
267,1977,Graduation,Married,74985.0,0,0,11-09-2012,8,1,3,6,7,2,0,0,0,0,0,0,0,1869
268,1982,2n Cycle,Together,58582.0,0,1,28-09-2013,15,2,9,2,9,5,0,1,0,0,0,0,0,763
269,1982,2n Cycle,Together,66664.0,0,0,25-09-2012,78,1,5,7,6,3,0,0,0,0,0,0,0,1289
270,1947,PhD,Widow,25358.0,0,1,22-07-2013,57,2,1,0,3,6,0,0,0,0,0,0,0,32
271,1966,Graduation,Divorced,55686.0,0,1,14-02-2013,27,2,6,3,5,4,1,0,0,0,0,0,0,982
272,1973,PhD,Alone,35860.0,1,1,19-05-2014,37,2,1,1,2,5,1,0,0,0,0,0,1,49
273,1956,Master,Married,50965.0,0,1,20-02-2013,87,3,10,4,5,8,1,0,0,0,0,0,0,685
274,1957,Graduation,Married,78618.0,0,0,28-09-2012,87,1,4,7,10,2,0,1,0,0,0,0,0,2153
275,1957,Graduation,Together,21994.0,0,1,24-12-2012,4,1,0,0,3,5,0,0,0,0,0,0,0,22
276,1948,PhD,Married,34469.0,1,1,04-05-2014,58,3,1,1,4,4,0,0,0,0,0,0,0,62
277,1980,Graduation,Single,81741.0,0,0,16-06-2013,75,0,6,6,7,2,0,0,0,0,0,0,0,1572
278,1969,Master,Married,79734.0,0,0,28-06-2014,72,1,4,3,6,1,0,0,0,1,0,0,0,914
279,1962,PhD,Together,56067.0,0,1,20-07-2013,51,2,7,4,7,5,0,0,0,0,0,0,0,725
280,1947,PhD,Together,73059.0,0,1,31-08-2013,36,1,9,3,13,4,0,0,0,0,0,0,0,1095
281,1976,Graduation,Single,37697.0,1,0,07-02-2014,82,1,2,1,3,6,0,0,0,0,0,0,0,84
282,1975,PhD,Married,80427.0,0,1,12-09-2012,56,1,11,8,8,5,0,0,0,0,0,0,0,1835
283,1958,Master,Together,42315.0,0,1,12-07-2013,90,3,1,4,4,3,0,0,0,0,0,0,0,270
284,1958,Graduation,Together,53977.0,0,1,08-06-2013,21,5,5,5,12,5,0,0,0,0,0,0,0,907
285,1945,Graduation,Widow,63285.0,0,0,05-11-2013,84,1,6,5,13,3,0,0,0,0,0,0,0,1103
286,1977,Graduation,Together,96876.0,0,0,06-08-2013,79,1,7,7,9,2,0,1,1,1,0,0,1,1941
287,1973,Master,Divorced,52034.0,1,1,17-05-2013,67,5,4,2,5,7,0,0,0,0,0,0,0,332
288,1955,Master,Married,38452.0,1,1,30-03-2014,62,3,3,0,3,7,0,0,0,0,0,0,0,72
289,1968,Graduation,Single,35893.0,1,1,15-10-2012,80,6,3,1,5,8,0,0,0,0,0,0,0,199
290,1973,PhD,Together,20427.0,1,0,24-03-2014,63,1,1,0,2,8,0,0,0,0,0,0,0,10
291,1973,2n Cycle,Divorced,31163.0,1,0,13-02-2014,54,1,1,0,3,6,0,0,0,0,0,0,0,38
292,1973,PhD,YOLO,48432.0,0,1,18-10-2012,3,5,7,1,6,8,0,0,0,0,0,0,0,424
293,1981,Graduation,Single,41967.0,1,1,23-11-2013,66,1,1,0,3,4,0,0,0,0,0,0,0,54
294,1963,Graduation,Together,56253.0,0,1,07-12-2012,83,4,7,2,9,6,0,0,0,0,0,0,0,597
295,1950,Graduation,Together,27203.0,1,1,06-08-2012,92,2,1,1,2,8,0,0,0,0,0,0,0,64
296,1990,Graduation,Single,26095.0,1,0,30-06-2013,77,1,1,0,3,7,0,0,0,0,0,0,0,42
297,1957,PhD,Together,6835.0,0,1,08-12-2012,76,0,0,0,1,20,0,0,0,0,0,0,0,137
298,1989,PhD,Together,77845.0,0,0,16-05-2014,40,1,3,5,12,1,0,0,1,1,0,0,0,1346
299,1974,Master,Together,21255.0,1,0,21-01-2014,56,4,2,1,4,4,0,0,0,0,0,0,0,61
300,1954,Graduation,Together,75315.0,0,1,15-04-2014,14,2,5,4,12,2,0,0,0,0,0,0,0,841
301,1971,Graduation,Single,72258.0,0,1,12-09-2013,28,2,6,9,5,2,0,0,0,0,0,0,0,1525
302,1968,Graduation,Together,41728.0,1,0,24-05-2013,92,1,2,0,2,10,0,0,0,0,0,0,0,55
303,1964,PhD,Divorced,64140.0,0,2,23-09-2013,71,5,2,5,6,5,1,0,1,0,1,0,1,1750
304,1983,Master,Married,27100.0,1,0,05-04-2013,64,1,1,0,3,7,0,0,0,0,0,0,0,37
305,1954,PhD,Married,65324.0,0,1,11-01-2014,0,3,6,2,9,4,0,0,0,0,0,0,0,544
306,1954,Graduation,Married,50501.0,1,1,18-06-2013,10,7,5,4,4,6,1,0,0,0,0,0,1,500
307,1972,PhD,Married,62010.0,0,1,23-10-2012,93,4,6,2,7,5,0,0,0,0,0,0,0,530
308,1982,Graduation,Married,63211.0,0,0,02-11-2012,3,2,3,8,7,2,0,0,0,0,0,0,1,1173
309,1989,Graduation,Single,30279.0,1,0,30-12-2012,13,1,1,0,3,8,0,0,0,0,0,0,0,37
310,1981,Master,Single,36143.0,1,0,30-03-2014,33,1,0,1,2,3,0,0,0,0,0,0,0,19
311,1962,Graduation,Together,76081.0,0,0,23-05-2014,85,1,4,5,4,2,0,0,0,1,0,0,0,1033
312,1969,PhD,Single,48240.0,0,0,09-11-2012,73,3,6,3,13,5,0,0,0,0,0,0,1,882
313,1981,2n Cycle,Married,51111.0,1,1,19-06-2014,83,2,2,0,3,6,0,0,0,0,0,0,0,55
314,1969,Basic,Together,22390.0,0,0,21-10-2013,49,1,1,0,2,7,0,0,0,0,0,0,0,26
315,1970,Graduation,Divorced,54137.0,0,1,16-08-2013,46,2,4,1,4,6,0,0,0,0,0,0,0,203
316,1968,Master,Together,34053.0,0,1,10-09-2012,14,1,3,0,3,8,0,0,0,0,0,0,0,103
317,1965,Graduation,Together,83003.0,0,0,03-03-2013,18,1,7,6,8,3,0,0,1,0,0,0,1,1674
318,1952,Graduation,Single,40887.0,1,1,06-05-2013,32,3,3,1,3,9,0,0,0,0,0,0,1,161
319,1948,Graduation,Single,90842.0,0,0,29-07-2013,57,1,4,9,13,1,0,0,0,0,0,0,0,1424
320,1965,Graduation,Married,58692.0,0,1,06-04-2014,21,1,8,2,4,7,0,0,0,0,0,0,0,395
321,1987,Graduation,Single,57100.0,1,0,18-05-2014,9,2,3,2,7,3,0,0,0,0,0,0,0,311
322,1956,PhD,Together,77376.0,1,1,10-05-2014,72,4,6,3,10,4,0,0,0,0,0,0,0,661
323,1972,Graduation,Married,80134.0,1,0,20-05-2013,40,2,5,3,6,6,0,1,1,1,0,0,1,1690
324,1950,PhD,Married,41145.0,1,1,08-02-2014,20,1,0,0,3,3,0,0,0,0,0,0,0,13
325,1973,PhD,Married,37401.0,1,0,06-05-2014,14,2,2,0,3,7,0,0,0,0,0,0,0,48
326,1968,Graduation,Married,51287.0,1,1,01-04-2014,10,3,4,1,3,7,0,0,0,0,0,0,0,182
327,1976,Graduation,Divorced,64892.0,0,1,29-05-2014,77,2,6,4,12,4,0,0,0,0,0,0,0,902
328,1973,Graduation,Together,55593.0,0,1,21-08-2013,63,2,6,6,3,6,1,0,0,0,0,0,0,546
329,1976,Basic,Married,7500.0,0,0,13-11-2012,59,1,2,0,3,8,0,0,0,0,0,0,0,61
330,1953,Graduation,Married,48686.0,1,2,04-12-2013,8,1,1,0,2,8,0,0,0,0,0,0,0,20
331,1949,PhD,Married,58607.0,0,1,23-12-2012,63,3,2,3,9,8,0,1,0,0,0,0,0,972
332,1986,Basic,Married,20425.0,1,0,29-10-2012,5,2,2,0,3,7,0,0,0,0,0,0,0,57
333,1972,Graduation,Married,74716.0,0,1,12-09-2013,92,2,7,3,5,4,0,0,0,0,0,0,0,860
334,1984,Graduation,Together,23976.0,1,0,27-12-2013,68,3,3,1,3,7,0,0,0,0,0,0,0,66
335,1972,Graduation,Together,64474.0,0,1,22-10-2013,59,2,8,2,10,5,0,0,0,0,0,0,0,823
336,1980,Graduation,Single,51766.0,1,0,11-03-2014,74,2,4,2,4,5,0,0,0,0,0,0,0,275
337,1968,Graduation,Together,58554.0,1,1,26-09-2012,55,6,8,2,6,7,0,0,0,0,0,0,0,586
338,1972,PhD,Married,43269.0,1,0,16-09-2013,61,1,1,0,2,8,0,0,0,0,0,0,0,19
339,1987,Graduation,Together,22434.0,1,0,13-02-2013,25,2,2,0,3,8,0,0,0,0,0,0,0,58
340,1946,Graduation,Married,78569.0,0,0,19-02-2014,14,1,4,6,4,1,0,0,1,0,0,0,1,1736
341,1967,2n Cycle,Together,47821.0,1,1,20-10-2013,54,1,1,0,3,8,0,0,0,0,0,0,0,47
342,1988,Graduation,Single,39747.0,1,0,13-04-2014,43,3,5,1,4,8,0,0,0,0,0,0,0,273
343,1962,Master,Married,58646.0,0,1,10-06-2013,3,1,2,1,4,4,0,0,0,0,0,0,0,140
344,1953,PhD,Together,53593.0,1,1,07-08-2012,60,8,7,2,6,8,0,0,0,0,0,0,0,480
345,1972,Graduation,Married,40321.0,1,1,29-07-2013,59,2,3,0,3,7,0,0,0,0,0,0,0,102
346,1970,Graduation,Single,67384.0,0,1,10-11-2012,32,2,7,8,5,5,0,1,0,0,0,0,0,1490
347,1976,Graduation,Single,20180.0,0,0,20-02-2013,27,1,2,1,4,7,0,0,0,0,0,0,0,137
348,1950,Graduation,Married,80763.0,0,0,15-08-2013,17,1,5,11,6,3,0,0,1,1,0,0,1,1415
349,1980,Master,Married,31535.0,1,0,26-09-2013,95,1,1,1,2,7,1,0,0,0,0,0,0,51
350,1986,2n Cycle,Together,20491.0,0,0,25-01-2013,16,1,0,1,2,7,0,0,0,0,0,0,0,30
351,1974,Graduation,Married,34421.0,1,0,01-07-2013,81,1,1,0,2,7,0,0,0,0,0,0,0,30
352,1957,Graduation,Married,47743.0,0,1,22-03-2013,56,3,4,1,6,6,0,1,0,0,0,0,0,275
353,1966,Graduation,Single,43602.0,1,1,10-01-2014,45,3,3,1,2,6,0,0,0,0,0,0,0,68
354,1968,Master,Divorced,27071.0,1,0,23-04-2014,90,2,2,0,3,6,0,0,0,0,0,0,0,35
355,1970,Graduation,Together,40548.0,0,1,10-10-2012,31,2,2,1,4,5,0,1,0,0,0,0,0,120
356,1949,Graduation,Widow,70165.0,0,0,22-09-2013,60,1,3,7,11,1,0,0,0,0,0,0,0,926
357,1956,Graduation,Married,50387.0,0,2,31-08-2013,91,3,6,2,8,5,0,0,0,0,0,0,0,525
358,1963,Graduation,Married,80124.0,0,0,26-06-2014,47,1,3,7,8,1,1,0,0,0,0,0,0,1495
359,1976,Graduation,Single,20180.0,0,0,20-02-2013,27,1,2,1,4,7,0,0,0,0,0,0,0,137
360,1963,PhD,Single,46757.0,0,1,16-11-2012,71,6,4,4,7,9,0,0,0,0,0,0,0,1143
361,1962,PhD,Married,54693.0,0,1,17-02-2013,72,8,6,4,13,6,0,0,0,0,0,0,0,929
362,1965,PhD,Divorced,36921.0,1,1,28-07-2013,74,2,2,0,3,7,0,0,0,0,0,0,0,38
363,1975,Graduation,Widow,58330.0,0,1,25-12-2013,87,1,6,4,13,4,0,0,0,0,0,0,0,1064
364,1958,PhD,Widow,50520.0,0,1,28-01-2014,25,2,3,1,3,6,0,0,0,0,0,0,0,135
365,1975,Graduation,Together,76532.0,1,1,09-09-2013,38,4,9,5,7,5,0,0,0,0,0,0,0,820
366,1958,Graduation,Together,28087.0,1,1,11-12-2012,77,3,2,2,2,7,0,0,0,0,0,0,0,112
367,1981,PhD,Together,56937.0,1,0,04-08-2012,81,7,8,6,9,6,0,1,0,0,0,0,1,906
368,1970,Graduation,Single,43020.0,1,0,30-11-2013,79,3,4,1,4,6,0,0,0,0,0,0,0,223
369,1974,Graduation,Divorced,19346.0,1,0,30-01-2014,26,1,1,0,3,8,0,0,0,0,0,0,0,22
370,1972,PhD,Together,62220.0,0,1,11-08-2012,55,5,7,6,5,6,0,0,0,0,0,0,1,1226
371,1956,2n Cycle,Divorced,31395.0,1,1,23-03-2013,80,4,2,1,3,6,0,0,0,0,0,0,0,64
372,1961,Graduation,Single,45938.0,0,0,03-11-2013,46,2,8,4,6,6,0,0,0,0,0,0,0,636
373,1957,Graduation,Together,42213.0,0,1,12-10-2013,96,2,5,1,7,7,0,1,0,0,0,0,0,363
374,1975,Graduation,Divorced,36627.0,2,0,23-07-2013,78,1,0,0,3,5,0,0,0,0,0,0,0,16
375,1965,Graduation,Married,61482.0,0,0,27-06-2014,39,1,3,2,6,2,0,0,0,0,0,0,0,299
376,1981,Master,Together,42021.0,1,0,31-08-2012,34,5,10,1,6,9,1,0,0,0,0,0,0,573
377,1970,PhD,Married,69084.0,1,0,19-11-2013,43,2,7,3,13,8,0,0,0,0,0,0,0,1586
378,1953,Graduation,Divorced,23272.0,0,0,17-10-2013,29,1,1,0,3,4,0,0,0,0,0,0,0,46
379,1976,Graduation,Married,30772.0,1,1,12-03-2014,89,1,1,0,2,6,0,0,0,0,0,0,0,20
380,1979,Graduation,Together,77568.0,0,1,25-08-2012,30,1,10,2,8,5,0,1,1,1,0,0,0,2194
381,1969,Master,Single,62772.0,0,1,19-05-2013,74,1,5,6,11,2,0,1,0,0,0,0,0,946
382,1973,PhD,Married,54222.0,0,1,01-03-2014,98,1,3,3,5,3,0,0,0,0,0,0,0,264
383,1982,Graduation,Together,50272.0,1,0,07-08-2013,75,3,4,1,5,7,0,0,0,0,0,0,0,233
384,1961,Graduation,Married,60544.0,1,1,25-08-2012,92,4,5,1,5,6,0,0,0,0,0,0,0,289
385,1966,Graduation,Together,57811.0,0,1,24-06-2013,49,5,7,2,11,5,0,1,0,0,0,0,0,802
386,1953,Graduation,Married,37716.0,0,1,21-04-2014,4,2,4,1,3,7,0,0,0,0,0,0,0,188
387,1965,2n Cycle,Divorced,60161.0,0,1,23-10-2012,17,3,11,4,8,8,0,0,0,0,0,0,0,1071
388,1982,PhD,Together,70038.0,0,0,25-10-2013,54,1,4,4,8,2,0,0,0,0,0,0,0,1244
389,1970,Master,Married,36138.0,1,1,16-07-2013,48,5,3,1,4,7,0,1,0,0,0,0,0,151
390,1979,Graduation,Single,60152.0,0,1,28-03-2013,6,1,6,4,12,3,0,0,0,0,0,0,0,943
391,1974,Graduation,Together,75702.0,0,1,14-10-2012,87,1,10,5,13,6,0,0,1,0,0,0,0,1921
392,1973,PhD,Together,57906.0,0,1,11-06-2013,29,3,4,2,8,4,0,0,0,0,0,0,0,401
393,1955,2n Cycle,Married,72635.0,0,0,03-06-2013,54,1,6,8,6,3,0,0,0,1,0,0,0,981
394,1970,Master,Married,44511.0,1,0,12-10-2012,39,6,8,4,8,8,0,0,0,0,0,0,0,727
395,1955,Graduation,Together,53863.0,0,1,17-05-2014,4,3,7,1,7,7,0,1,0,0,0,0,0,473
396,1952,Graduation,Widow,40049.0,0,1,16-10-2013,23,1,1,0,3,6,0,0,0,0,0,0,0,32
397,1966,PhD,Together,47472.0,1,1,16-09-2013,39,2,2,0,4,5,0,0,0,0,0,0,0,75
398,1957,Graduation,Together,26091.0,1,1,25-02-2014,84,3,2,1,3,5,0,0,0,0,0,0,0,89
399,1985,Graduation,Single,22327.0,1,0,02-08-2013,94,1,1,0,3,5,0,0,0,0,0,0,0,24
400,1985,Master,Together,40101.0,1,0,14-10-2012,73,4,6,1,6,7,0,0,0,0,0,0,0,415
401,1960,Graduation,Widow,47916.0,0,1,22-11-2012,72,5,7,4,6,6,0,1,0,0,0,0,0,606
402,1967,2n Cycle,Together,30753.0,1,1,11-07-2013,85,2,1,1,3,5,0,0,0,0,0,0,0,81
403,1949,Master,Divorced,35416.0,0,0,13-06-2013,62,3,7,1,5,8,0,0,0,0,0,0,0,390
404,1968,Graduation,Married,64590.0,0,0,14-10-2012,98,1,9,4,10,6,0,0,0,0,0,0,0,1338
405,1957,Graduation,Single,50388.0,0,1,28-05-2014,3,4,6,1,6,7,0,1,0,1,0,0,1,372
406,1978,Graduation,Married,38136.0,1,0,22-04-2013,69,2,3,1,2,8,1,0,0,0,0,0,0,103
407,1959,Graduation,Together,87771.0,0,1,22-05-2013,61,1,5,10,4,6,0,1,1,1,1,0,1,1957
408,1972,PhD,Single,38578.0,1,1,22-06-2013,2,3,3,0,3,8,0,0,0,0,0,0,0,73
409,1986,Graduation,Married,71952.0,1,0,10-01-2013,93,2,8,4,8,4,1,0,1,0,0,0,0,1443
410,1978,2n Cycle,Married,36550.0,1,0,19-02-2013,74,5,9,1,5,9,0,0,0,0,0,0,0,577
411,1964,Graduation,Together,55761.0,0,1,24-04-2014,97,2,4,1,3,6,0,1,0,0,0,0,0,184
412,1967,PhD,Married,77766.0,0,1,22-02-2013,97,2,11,10,11,6,1,0,0,0,0,0,1,1529
413,1965,PhD,Together,51717.0,0,1,20-08-2013,55,1,3,0,4,7,0,1,0,0,0,0,0,122
414,1976,Graduation,Married,46049.0,1,1,21-07-2013,11,10,5,2,9,7,0,0,0,0,0,0,1,515
415,1978,Basic,Together,24882.0,1,0,09-09-2012,52,1,1,1,2,6,1,0,0,0,0,0,0,80
416,1981,Graduation,Married,26872.0,0,0,16-10-2013,0,1,1,1,2,6,0,0,0,0,0,0,0,72
417,1987,Graduation,Married,75794.0,0,0,24-12-2013,33,1,7,5,12,3,0,0,0,1,0,0,0,1682
418,1969,PhD,Together,69476.0,0,0,30-09-2013,3,1,4,6,4,2,0,0,0,0,0,0,0,1044
419,1959,Graduation,Married,65031.0,0,1,17-03-2013,29,4,10,3,13,7,0,0,0,0,0,0,0,863
420,1951,Master,Widow,73705.0,0,2,05-03-2014,86,2,9,6,8,5,0,0,0,0,0,0,0,1695
421,1965,Graduation,Married,73538.0,0,1,25-11-2012,92,3,10,4,9,7,0,0,0,0,0,0,0,1658
422,1977,2n Cycle,Together,82326.0,0,0,10-03-2014,30,1,5,10,6,2,0,1,1,1,0,0,1,2257
423,1979,Basic,Together,23724.0,1,0,08-01-2013,65,2,2,0,3,8,0,0,0,0,0,0,0,75
424,1971,Graduation,Together,38232.0,1,1,17-01-2014,84,4,3,1,3,5,0,0,0,0,0,0,0,122
425,1960,PhD,Single,76045.0,0,0,15-11-2013,78,1,4,5,11,2,0,0,0,1,0,0,0,1323
426,1964,Graduation,Single,45989.0,0,1,22-10-2012,97,4,3,2,7,3,0,0,0,0,0,0,0,322
427,1974,PhD,Married,34596.0,1,0,13-04-2013,48,1,1,0,2,8,0,0,0,0,0,0,0,23
428,1986,Master,Married,27161.0,1,0,28-10-2013,41,1,1,0,3,7,0,0,0,0,0,0,0,52
429,1981,Graduation,Married,54386.0,0,1,17-05-2013,8,2,3,2,10,3,0,0,0,0,0,0,0,470
430,1955,PhD,Married,58482.0,0,1,12-03-2014,59,2,7,4,9,6,0,1,0,0,0,0,0,731
431,1954,2n Cycle,Married,63564.0,0,0,29-01-2014,0,1,10,10,7,6,1,0,0,0,0,0,1,1215
432,1982,Master,Married,21059.0,1,0,07-01-2014,40,3,3,0,3,6,0,0,0,0,0,0,0,44
433,1954,Graduation,Divorced,72071.0,0,1,14-02-2013,4,3,5,4,8,2,0,0,0,0,0,0,0,1338
434,1987,Graduation,Divorced,81361.0,0,0,25-02-2014,18,1,3,10,13,1,0,0,0,0,0,0,0,778
435,1950,Graduation,Married,57045.0,0,1,08-09-2012,40,3,4,2,9,3,0,0,0,0,0,0,0,454
436,1971,Master,Together,57420.0,0,1,25-06-2013,22,3,5,1,6,7,0,1,0,0,0,0,0,322
437,1990,Graduation,Married,18351.0,0,0,29-10-2013,1,1,2,0,3,7,0,0,0,0,0,0,0,43
438,1987,Graduation,Divorced,81361.0,0,0,25-02-2014,18,1,3,10,13,1,0,0,0,0,0,0,1,778
439,1987,Graduation,Together,67605.0,0,0,31-03-2013,84,1,2,8,6,1,0,0,0,0,0,0,0,938
440,1978,Graduation,Married,33039.0,1,0,09-09-2013,4,1,2,0,4,5,0,0,0,0,0,0,0,78
441,1950,Master,Divorced,63120.0,0,1,28-09-2012,53,5,8,4,9,7,0,0,0,0,0,0,1,1477
442,1946,PhD,Married,51012.0,0,0,18-04-2013,86,1,4,1,4,6,0,0,0,0,0,0,0,209
443,1968,PhD,Together,40706.0,2,1,17-01-2013,37,4,3,0,4,7,0,0,0,0,0,0,0,81
444,1955,Graduation,Married,80395.0,0,0,23-11-2013,62,1,6,5,12,2,0,0,0,1,0,0,0,1380
445,1989,Graduation,Single,81217.0,0,0,19-07-2013,77,1,3,7,11,1,0,0,0,0,0,0,0,1157
446,1972,PhD,Married,44325.0,0,1,07-03-2013,69,4,8,2,7,8,0,1,0,0,0,0,0,542
447,1973,Graduation,Together,57100.0,0,0,04-12-2013,19,1,3,3,6,3,0,0,0,0,0,0,0,409
448,1983,Master,Single,31788.0,1,0,20-03-2014,15,3,3,0,4,5,0,0,0,0,0,1,0,60
449,1968,Graduation,Widow,73455.0,0,0,28-10-2013,98,1,6,5,10,3,0,1,0,0,0,0,0,2088
450,1946,Graduation,Married,18100.0,0,0,06-08-2013,14,1,0,0,3,5,0,0,0,0,0,0,0,14
451,1980,2n Cycle,Together,25130.0,1,0,02-10-2013,10,2,2,0,3,7,0,0,0,0,0,0,0,50
452,1974,PhD,Single,68352.0,0,1,28-08-2013,47,3,8,5,9,6,0,0,0,0,0,0,0,871
453,1977,Master,Single,36273.0,1,0,16-04-2014,80,2,3,0,3,6,0,0,0,0,0,0,0,76
454,1979,2n Cycle,Divorced,13533.0,1,0,10-03-2013,45,2,2,0,3,7,0,0,0,0,0,0,0,48
455,1988,Basic,Together,13724.0,1,0,31-08-2012,43,1,2,0,2,9,1,0,0,0,0,0,0,58
456,1964,Graduation,Married,42523.0,0,0,23-04-2014,96,1,1,1,4,2,0,0,0,0,0,0,0,125
457,1971,Graduation,Together,71796.0,0,0,24-10-2013,54,1,9,3,4,4,0,0,0,0,0,0,0,960
458,1959,Graduation,Together,71706.0,0,1,13-11-2012,16,4,9,5,7,5,0,0,0,0,0,0,0,1443
459,1958,Graduation,Together,65196.0,0,2,25-07-2013,34,2,7,6,11,5,1,0,0,0,0,0,0,1155
460,1958,Graduation,Together,64961.0,0,1,23-12-2012,97,2,6,4,4,3,0,0,0,0,0,0,0,1009
461,1982,Graduation,Single,39660.0,1,0,08-08-2012,36,3,7,1,3,9,0,0,0,0,0,0,1,299
462,1951,Master,Together,47352.0,0,1,11-04-2013,70,4,6,1,5,7,0,0,0,0,0,0,0,319
463,1953,Master,Together,56129.0,0,1,20-06-2013,65,4,6,2,10,4,0,0,0,0,0,0,0,660
464,1969,Graduation,Married,48752.0,1,1,12-12-2012,8,5,6,1,5,9,0,0,0,0,0,0,1,316
465,1969,Graduation,Together,21918.0,1,0,14-11-2013,37,2,2,0,3,6,0,0,0,0,0,0,0,33
466,1976,Master,Single,70379.0,0,1,03-03-2013,84,3,6,3,13,4,0,0,0,0,0,0,0,860
467,1972,Graduation,Married,24434.0,2,0,18-05-2014,9,2,2,1,2,7,0,0,0,0,0,0,0,50
468,1992,Master,Single,92859.0,0,0,19-10-2012,46,1,5,4,12,2,0,0,0,0,0,0,0,2077
469,1961,Graduation,Single,86429.0,0,0,21-11-2013,10,0,7,4,7,2,0,0,0,1,0,0,1,1449
470,1965,Graduation,Together,56046.0,0,0,02-01-2013,9,2,10,1,8,8,1,0,0,0,0,0,1,692
471,1968,PhD,Divorced,69674.0,0,2,22-05-2013,46,3,10,2,10,5,0,0,0,0,0,0,0,845
472,1985,Graduation,Married,19986.0,1,0,14-11-2013,74,1,0,0,3,7,0,0,0,0,0,0,0,22
473,1975,PhD,Married,86836.0,0,0,12-09-2012,7,1,6,10,6,5,1,0,1,1,0,0,1,557
474,1986,Graduation,Divorced,41411.0,0,0,07-12-2013,11,1,2,1,4,6,0,0,0,0,0,0,0,139
475,1974,PhD,Married,78128.0,0,1,19-02-2014,89,2,8,4,6,3,0,1,1,0,0,0,0,1264
476,1983,Graduation,Divorced,82025.0,0,0,28-05-2013,76,1,3,2,6,1,0,0,1,0,0,0,1,1187
477,1956,Graduation,Together,64090.0,0,1,07-08-2013,8,1,6,9,4,5,0,0,0,0,0,0,1,797
478,1972,Graduation,Married,40321.0,1,1,29-07-2013,59,2,3,0,3,7,0,0,0,0,0,0,0,102
479,1962,PhD,Widow,82571.0,0,0,02-04-2014,28,0,6,5,13,2,0,0,1,0,0,0,0,1686
480,1965,Graduation,Single,66294.0,0,0,17-03-2014,68,1,4,3,5,2,0,0,0,0,0,0,0,967
481,1990,Graduation,Married,18929.0,0,0,16-02-2013,15,1,1,0,4,6,0,0,0,0,0,0,0,85
482,1955,Graduation,Married,48726.0,0,1,27-04-2013,90,3,3,2,4,6,0,0,0,0,0,0,0,242
483,1943,PhD,Married,75865.0,0,0,31-03-2014,73,1,3,5,10,1,0,0,0,0,0,0,0,1242
484,1969,Graduation,Married,44078.0,1,1,19-06-2014,17,2,2,0,3,5,0,0,0,0,0,0,0,41
485,1959,2n Cycle,Divorced,78353.0,0,1,16-04-2013,51,1,10,2,11,8,0,0,0,0,0,0,0,1576
486,1975,Master,Together,34176.0,0,1,22-01-2014,9,1,1,0,3,3,0,0,0,0,0,0,0,28
487,1986,2n Cycle,Single,80910.0,0,0,31-10-2012,71,1,3,3,8,1,0,0,0,0,0,0,0,756
488,1965,Master,Married,53843.0,0,1,27-06-2013,64,4,8,5,3,7,0,0,0,0,0,0,0,562
489,1954,Graduation,Together,39898.0,0,1,12-02-2013,20,2,3,0,4,7,0,0,0,0,0,0,0,134
490,1956,PhD,Single,54998.0,0,1,10-03-2013,3,5,4,2,9,4,0,0,0,0,0,0,1,455
491,1946,PhD,Together,44124.0,0,1,11-05-2013,62,4,6,2,5,8,0,0,0,0,0,0,0,397
492,1969,PhD,Together,53374.0,0,1,16-08-2012,34,6,4,2,9,9,1,0,0,0,0,0,1,1064
493,1953,Graduation,Widow,53653.0,0,0,07-11-2012,29,2,10,4,12,6,0,0,0,0,0,0,0,1210
494,1956,Graduation,Married,62503.0,0,1,18-02-2013,40,4,8,3,11,5,0,0,0,0,0,0,0,973
495,1970,Graduation,Together,38200.0,1,1,07-12-2012,19,1,1,0,2,7,0,0,0,0,0,0,0,17
496,1943,Master,Single,77598.0,0,0,01-10-2013,53,1,7,5,13,3,0,0,1,0,0,0,0,1735
497,1951,2n Cycle,Married,78497.0,0,0,01-12-2013,44,1,5,7,12,2,0,0,0,1,0,0,0,978
498,1971,Graduation,Divorced,44421.0,1,1,15-02-2013,53,5,5,0,4,8,0,0,0,0,0,0,0,189
499,1984,Graduation,Single,11012.0,1,0,16-03-2013,82,3,3,1,2,9,1,0,0,0,0,0,0,84
500,1986,PhD,Single,69867.0,0,0,02-04-2013,30,1,3,5,8,1,0,0,0,1,0,0,1,925
501,1980,2n Cycle,Single,67506.0,0,1,02-01-2014,73,1,4,1,6,3,0,0,0,0,0,0,0,331
502,1978,PhD,Single,31626.0,1,0,10-05-2013,12,1,2,1,2,7,1,0,0,0,0,0,1,86
503,1976,PhD,Married,51650.0,0,1,11-05-2014,81,1,4,1,4,5,0,0,0,0,0,0,0,191
504,1978,Graduation,Together,53172.0,0,1,06-05-2013,54,3,2,3,8,3,0,0,0,0,0,0,0,486
505,1966,Graduation,Single,63810.0,0,1,11-11-2012,45,4,4,3,12,8,0,1,0,0,0,0,0,1371
506,1961,Graduation,Divorced,27215.0,2,1,23-01-2013,50,4,2,1,4,6,0,0,0,0,0,0,0,102
507,1981,PhD,Together,44953.0,0,0,21-12-2012,31,1,7,3,13,6,1,0,0,0,0,0,0,1021
508,1973,Graduation,Single,83917.0,0,0,18-04-2013,12,1,6,7,7,3,0,0,0,0,0,0,1,1587
509,1969,Graduation,Divorced,69901.0,0,1,29-05-2013,95,3,7,3,10,5,0,0,0,0,0,0,0,882
510,1949,Master,Married,62845.0,1,1,01-10-2012,3,11,3,4,10,8,0,1,0,0,0,0,1,1178
511,1992,Graduation,Together,63207.0,0,0,20-01-2013,68,1,2,3,6,7,0,0,0,1,0,0,0,1502
512,1982,PhD,Married,84169.0,0,0,07-08-2013,9,1,7,6,6,3,0,1,1,0,0,0,1,1919
513,1955,Graduation,Together,38946.0,0,1,24-10-2013,84,2,3,1,6,5,0,0,0,0,0,0,0,257
514,1948,PhD,Married,83837.0,0,0,16-12-2012,79,1,9,10,5,4,0,1,0,1,0,0,1,1318
515,1968,Master,Married,70777.0,0,1,25-02-2014,80,3,5,3,12,3,0,0,0,0,0,0,0,787
516,1972,Master,Married,76234.0,0,1,06-02-2014,21,1,8,3,11,3,0,1,0,0,0,0,0,907
517,1967,Graduation,Single,52074.0,0,1,04-04-2014,77,1,2,2,2,4,1,0,0,0,0,0,0,119
518,1989,PhD,Single,33996.0,0,0,11-09-2013,46,1,1,1,3,4,0,0,0,0,0,0,0,71
519,1979,Basic,Single,20194.0,1,0,17-12-2012,64,2,2,0,3,6,0,0,0,0,0,0,0,47
520,1973,Master,Married,60432.0,0,1,09-03-2014,61,5,7,2,5,6,0,0,0,0,0,0,0,401
521,1956,Master,Together,55249.0,0,1,17-04-2014,81,1,2,1,4,3,0,0,0,0,0,0,0,130
522,1955,Graduation,Divorced,37244.0,1,1,27-04-2013,90,1,1,1,2,7,1,0,0,0,0,0,0,55
523,1979,Graduation,Single,47691.0,0,1,05-07-2013,43,1,1,0,2,6,0,0,0,0,0,0,0,21
524,1953,Graduation,Married,39722.0,0,1,24-02-2014,92,2,2,0,3,5,0,0,0,0,0,0,0,47
525,1970,Master,Divorced,78579.0,0,0,22-12-2012,35,1,5,6,4,3,0,0,0,0,0,0,1,1812
526,1964,Graduation,Married,48920.0,0,2,20-10-2013,93,3,6,2,5,7,0,1,0,0,0,0,0,347
527,1960,Graduation,Married,79530.0,0,0,17-05-2013,64,1,4,10,11,2,0,0,0,0,0,0,0,1348
528,1987,Graduation,Married,17323.0,0,0,10-10-2012,38,1,1,0,3,8,0,0,0,0,0,0,0,46
529,1983,Graduation,Married,39922.0,1,0,14-02-2013,30,2,3,0,4,8,0,0,0,0,0,0,0,156
530,1966,Graduation,Divorced,70287.0,0,0,02-04-2013,30,1,5,5,10,3,0,0,0,0,0,0,1,1093
531,1966,Graduation,Together,82427.0,0,0,12-03-2014,35,1,3,5,12,1,0,0,1,0,0,0,0,1456
532,1988,PhD,Married,67546.0,0,0,31-08-2012,90,1,4,10,5,3,0,0,0,0,0,0,0,2126
533,1983,Master,Single,89616.0,0,0,25-02-2013,36,1,7,5,12,2,0,0,0,0,0,0,1,1644
534,1988,Graduation,Single,68655.0,0,0,10-08-2012,95,1,4,5,11,3,0,0,0,0,0,0,0,1538
535,1975,Graduation,Together,66653.0,1,1,07-09-2012,18,4,4,2,12,3,0,0,0,0,0,0,0,612
536,1943,PhD,Widow,57513.0,0,0,06-07-2013,59,2,9,3,13,6,0,0,0,0,0,0,0,1060
537,1973,PhD,Together,63516.0,1,1,06-07-2013,30,4,4,1,7,5,0,0,0,0,0,0,0,300
538,1971,Graduation,Divorced,25818.0,1,0,18-10-2012,51,1,0,1,2,7,0,0,0,0,0,0,0,28
539,1954,PhD,Married,70421.0,0,1,28-06-2014,98,3,10,3,7,6,0,0,0,0,0,0,0,767
540,1966,Graduation,Married,44794.0,0,1,08-06-2014,99,1,2,0,3,6,0,0,0,0,0,0,0,65
541,1971,PhD,Married,46463.0,1,1,18-08-2013,56,7,3,1,6,6,0,0,0,0,0,0,0,235
542,1969,Graduation,Married,25293.0,1,0,15-09-2013,51,1,1,1,2,8,0,0,0,0,0,0,0,37
543,1969,Master,Widow,67369.0,0,1,17-11-2012,81,4,7,4,10,4,0,1,1,0,0,0,1,1461
544,1974,PhD,Married,40344.0,0,1,13-10-2013,48,2,4,1,5,7,0,0,0,0,0,0,0,218
545,1943,Master,Married,65073.0,0,0,20-08-2013,65,1,5,3,5,2,0,0,0,0,0,1,0,900
546,1974,Graduation,Married,45837.0,1,1,26-07-2013,88,5,6,2,5,7,0,0,0,0,0,0,0,373
547,1974,Graduation,Married,26067.0,1,0,04-11-2013,49,3,3,0,3,8,0,0,0,0,0,0,0,56
548,1963,PhD,Divorced,48799.0,0,1,05-11-2013,9,3,3,2,7,3,0,0,0,0,0,0,0,331
549,1971,Graduation,Married,25721.0,1,0,21-05-2013,75,1,1,1,2,7,0,0,0,0,0,0,1,34
550,1959,Graduation,Together,54753.0,0,1,12-09-2013,87,3,5,2,11,4,0,0,0,0,0,0,0,728
551,1956,Graduation,Single,54252.0,1,1,28-05-2013,25,5,4,1,5,6,0,0,0,0,0,0,0,264
552,1982,Graduation,Single,28567.0,1,0,17-06-2013,57,2,2,0,3,6,0,0,0,0,0,0,0,46
553,1979,Basic,Together,24594.0,1,0,10-12-2013,94,1,1,0,3,5,0,0,0,0,0,0,0,29
554,1972,PhD,Single,55260.0,0,1,12-12-2012,81,2,8,10,5,6,0,0,0,0,0,0,0,1139
555,1973,Graduation,Married,33471.0,1,0,12-10-2012,47,3,3,0,4,7,0,0,0,0,0,0,0,93
556,1986,Graduation,Married,71952.0,1,0,10-01-2013,93,2,8,4,8,4,1,0,1,0,0,0,0,1443
557,1971,PhD,Married,42403.0,1,0,11-12-2013,18,1,1,0,3,8,0,0,0,0,0,0,0,42
558,1959,Graduation,Single,62450.0,0,1,06-01-2014,61,2,5,5,4,3,0,1,0,0,0,0,0,995
559,1984,2n Cycle,Married,65370.0,0,0,01-08-2013,1,1,2,3,13,1,0,0,0,0,0,0,0,461
560,1962,PhD,Single,33419.0,0,1,17-08-2013,76,2,2,0,4,7,0,0,0,0,0,0,0,86
561,1972,PhD,Married,70116.0,0,0,26-01-2013,73,1,2,8,12,1,0,0,0,0,0,0,0,1536
562,1970,PhD,Together,64413.0,0,1,01-08-2013,27,1,5,1,5,5,0,0,0,0,0,0,0,279
563,1966,Graduation,Widow,27038.0,0,0,18-09-2012,64,1,3,0,3,9,0,0,0,0,0,0,1,107
564,1960,PhD,Married,65695.0,0,1,31-01-2014,50,2,5,4,10,4,0,0,0,0,0,0,0,656
565,1986,PhD,Together,38197.0,1,0,29-06-2013,86,1,1,0,3,5,0,0,0,0,0,0,0,40
566,1962,Master,Single,59247.0,0,2,08-11-2013,87,5,5,2,9,6,0,0,0,0,0,0,0,574
567,1976,Graduation,Married,65665.0,0,1,02-12-2013,77,1,5,10,8,3,0,0,0,0,0,0,0,945
568,1951,Graduation,Single,60689.0,0,1,01-06-2013,23,4,4,4,10,3,0,0,0,0,0,0,0,639
569,1957,Graduation,Single,78499.0,0,0,23-11-2013,12,1,11,3,4,4,0,0,1,0,0,0,1,1334
570,1977,Graduation,Divorced,40246.0,1,0,19-12-2012,68,1,1,0,2,6,0,0,0,0,0,0,0,13
571,1971,Graduation,Single,31632.0,0,0,14-07-2013,92,1,2,1,2,7,0,0,0,0,0,0,0,95
572,1990,Graduation,Single,96843.0,0,0,23-04-2013,60,1,6,11,10,2,0,0,1,0,0,0,1,1544
573,1953,Graduation,Together,94384.0,0,0,04-03-2013,62,0,5,8,5,2,0,1,1,1,0,0,1,2302
574,1962,Graduation,Married,56181.0,0,1,08-01-2013,6,1,4,2,7,4,0,0,0,0,0,0,0,393
575,1983,PhD,Single,87188.0,0,0,03-06-2013,73,1,10,2,6,3,0,0,0,0,0,0,1,1923
576,1958,PhD,Widow,33438.0,1,1,22-09-2013,81,4,2,1,4,5,0,0,0,0,0,0,0,90
577,1959,Graduation,Married,65492.0,0,0,26-01-2014,73,2,4,7,13,2,0,0,0,0,0,0,0,1045
578,1981,Graduation,Divorced,28510.0,1,1,13-04-2013,72,3,2,0,4,5,0,0,0,0,0,0,0,91
579,1989,PhD,Together,66973.0,0,0,17-05-2013,98,1,8,7,12,3,0,0,0,0,0,0,0,1282
580,1967,Graduation,Single,25930.0,1,1,10-10-2013,87,1,1,0,2,7,0,0,0,0,0,0,0,15
581,1969,Graduation,Married,26304.0,1,0,23-06-2013,5,1,1,0,2,7,0,0,0,0,0,0,0,16
582,1966,Basic,Together,22634.0,0,0,16-01-2013,47,1,2,1,2,8,0,0,0,0,0,0,0,96
583,1962,Master,Single,45183.0,0,0,20-01-2013,33,1,4,1,7,7,0,1,0,0,0,0,0,315
584,1980,2n Cycle,Single,31859.0,1,0,27-02-2014,3,1,1,0,3,7,0,0,0,0,0,0,0,48
585,1967,PhD,Married,59062.0,2,1,03-10-2013,74,2,2,0,3,4,0,0,0,0,0,0,0,71
586,1973,Graduation,Married,24639.0,1,1,28-01-2014,3,3,2,0,4,6,0,0,0,0,0,0,0,44
587,1971,Graduation,Married,64722.0,1,0,26-05-2014,47,4,8,2,11,6,0,0,0,0,0,0,0,805
588,1963,PhD,Together,33629.0,1,1,08-08-2012,49,5,3,1,4,9,0,0,0,0,0,0,0,152
589,1989,Graduation,Married,28691.0,1,0,04-07-2013,56,1,1,0,3,8,0,0,0,0,0,0,0,34
590,1987,PhD,Single,42000.0,0,0,10-01-2013,23,2,5,2,11,5,0,0,0,0,0,0,1,653
591,1960,Master,Single,98777.0,0,0,17-02-2014,23,0,4,6,9,1,0,1,0,0,0,0,0,2008
592,1970,Graduation,Single,30015.0,1,0,02-02-2014,28,2,1,0,4,5,0,0,0,0,0,0,0,57
593,1953,PhD,Married,55707.0,0,1,22-12-2013,91,2,3,2,9,3,0,0,0,0,0,0,0,428
594,1956,Master,Together,58656.0,0,1,20-09-2012,25,4,7,8,13,6,0,0,1,0,0,0,0,1220
595,1969,Graduation,Widow,43638.0,0,1,06-08-2012,37,2,4,1,4,7,0,0,0,0,0,0,0,201
596,1964,PhD,Single,61798.0,0,0,23-11-2013,13,1,4,2,9,4,0,0,0,0,0,0,0,463
597,1968,PhD,Divorced,42564.0,0,1,02-01-2013,28,6,6,8,4,7,1,0,0,0,0,0,1,813
598,1951,PhD,Married,53312.0,0,0,09-08-2013,32,1,5,1,5,7,0,0,0,0,0,0,0,278
599,1955,Graduation,Widow,58275.0,1,1,02-06-2013,48,6,8,2,7,7,0,0,0,0,0,0,0,615
600,1968,Graduation,Single,57107.0,0,1,24-08-2012,44,7,4,4,8,8,0,1,0,0,1,0,1,416
601,1956,Graduation,Divorced,26150.0,2,1,11-03-2013,61,1,1,0,3,7,0,0,0,0,0,0,0,28
602,1986,Graduation,Together,83033.0,1,0,18-05-2014,82,1,11,4,10,5,0,0,0,1,0,0,0,1761
603,1967,PhD,Married,56320.0,0,1,08-04-2013,11,3,5,4,9,4,0,0,0,0,0,0,0,702
604,1952,Graduation,Married,81795.0,0,0,26-10-2012,74,1,4,11,7,2,0,0,0,0,0,0,0,1382
605,1969,PhD,Divorced,58086.0,0,1,20-01-2013,80,2,11,3,7,8,0,0,0,0,0,0,0,792
606,1988,Graduation,Alone,34176.0,1,0,12-05-2014,12,4,3,0,4,6,0,0,0,0,0,0,0,89
607,1958,Master,Together,46692.0,0,1,06-06-2013,37,3,6,1,5,6,0,0,0,0,0,0,0,397
608,1965,PhD,Widow,54111.0,0,1,25-08-2013,97,2,5,2,6,5,0,0,0,0,0,0,0,388
609,1972,Graduation,Married,56721.0,1,1,31-10-2012,64,5,4,1,5,6,0,0,0,0,0,0,0,296
610,1967,PhD,Married,36947.0,1,1,07-08-2012,49,4,3,0,4,9,0,0,0,0,0,0,0,146
611,1973,2n Cycle,Married,23559.0,1,0,03-07-2013,87,3,3,0,3,7,0,0,0,0,0,0,0,79
612,1975,Graduation,Married,65106.0,0,1,24-05-2014,55,3,8,3,13,6,0,1,0,0,0,0,0,973
613,1951,Master,Married,67381.0,0,1,15-01-2013,67,4,2,2,9,7,0,1,0,0,0,0,0,957
614,1973,Graduation,Divorced,71128.0,1,0,06-10-2012,80,3,2,10,12,7,0,0,0,0,0,0,0,1615
615,1987,Graduation,Together,67430.0,0,0,05-09-2012,6,1,11,5,12,6,0,0,0,0,0,0,0,1364
616,1978,Graduation,Single,60199.0,1,2,12-09-2013,49,1,0,0,3,4,0,0,0,0,0,0,0,18
617,1966,PhD,Single,7144.0,0,2,07-12-2013,92,0,23,1,1,0,0,0,0,0,0,0,0,416
618,1975,2n Cycle,Married,37284.0,1,1,29-03-2013,46,1,0,0,3,6,0,0,0,0,0,0,0,23
619,1983,Graduation,Married,69520.0,0,0,07-07-2013,95,1,9,6,5,5,0,0,0,0,0,0,0,1455
620,1985,Graduation,Single,29760.0,1,0,29-08-2012,87,4,3,1,4,8,0,0,0,0,0,0,0,165
621,1988,Graduation,Single,68655.0,0,0,10-08-2012,95,1,4,5,11,3,0,0,0,0,0,0,0,1538
622,1951,Graduation,Married,71107.0,0,1,17-02-2013,61,2,7,6,13,4,0,0,0,0,0,0,0,1327
623,1983,Graduation,Married,76630.0,0,0,14-01-2014,93,1,3,10,11,1,0,0,0,0,0,0,0,1003
624,1979,Graduation,Divorced,68274.0,1,1,30-09-2013,83,2,4,2,5,3,0,0,0,0,0,0,0,305
625,1962,Graduation,Together,76081.0,0,0,23-05-2014,85,1,4,5,4,2,0,0,0,1,0,0,0,1033
626,1960,PhD,Together,38201.0,0,1,29-03-2013,19,4,5,1,5,8,0,0,0,0,0,0,0,268
627,1978,Master,Married,43783.0,1,0,29-05-2014,22,6,7,1,8,7,1,0,0,0,0,0,0,629
628,1948,Master,Married,83790.0,0,0,15-11-2013,81,1,8,10,6,3,0,1,1,0,0,0,0,1615
629,1954,Graduation,Married,93404.0,1,2,07-05-2013,97,3,3,4,7,5,0,1,1,0,0,0,0,1616
630,1991,2n Cycle,Together,20193.0,0,0,28-11-2012,18,1,1,1,4,4,0,0,0,0,0,0,0,82
631,1995,Graduation,Single,34824.0,0,0,26-03-2014,65,1,1,0,2,6,0,0,0,0,0,0,0,23
632,1983,Graduation,Together,36075.0,1,0,09-12-2013,54,1,2,0,4,6,0,0,0,0,0,0,0,119
633,1946,PhD,Single,82800.0,0,0,24-11-2012,23,1,7,6,12,3,0,0,1,1,0,0,1,1315
634,1957,2n Cycle,Divorced,77297.0,0,0,26-01-2013,84,1,5,7,9,4,0,0,0,1,0,0,0,789
635,1979,Graduation,Single,48526.0,1,0,24-12-2013,32,1,2,1,4,3,0,0,0,0,0,0,0,135
636,1959,Graduation,Together,71232.0,0,1,28-11-2013,91,2,11,2,10,7,0,0,0,0,0,0,0,917
637,1958,Graduation,Together,66886.0,0,1,16-09-2013,28,2,7,1,7,5,0,0,0,0,0,0,0,599
638,1952,PhD,Married,77610.0,0,1,29-10-2012,70,2,4,7,4,7,0,0,0,0,0,0,0,1680
639,1958,Graduation,Married,67267.0,0,1,13-05-2014,0,1,3,2,5,2,0,0,0,0,0,0,0,251
640,1971,PhD,Married,60491.0,0,1,06-09-2013,81,4,6,11,7,5,0,0,0,0,0,0,0,1028
641,1977,PhD,Married,61996.0,0,1,31-01-2013,27,3,6,4,8,5,0,1,0,1,1,0,1,1230
642,1980,2n Cycle,Single,45889.0,0,1,02-07-2013,42,1,1,0,3,6,0,0,0,0,0,0,0,46
643,1965,Master,Single,69882.0,0,0,10-11-2013,94,1,3,7,9,1,0,0,0,0,0,0,0,1478
644,1976,Graduation,Divorced,30992.0,1,0,22-04-2013,83,1,1,0,3,7,0,0,0,0,0,0,0,43
645,1975,Graduation,Single,84196.0,0,1,03-06-2013,56,1,8,4,7,3,0,0,0,0,0,0,0,1237
646,1983,Graduation,Together,28359.0,1,0,27-10-2013,35,1,1,0,2,7,0,0,0,0,0,0,0,16
647,1952,Graduation,Divorced,69142.0,0,1,29-06-2014,50,3,8,1,7,5,0,1,0,0,0,0,0,535
648,1970,Graduation,Together,22070.0,1,0,04-10-2013,11,2,2,2,2,6,0,0,0,0,0,0,0,67
649,1975,PhD,Married,45503.0,1,0,25-09-2013,54,1,3,1,4,5,0,0,0,0,0,0,0,170
650,1969,Master,Together,41021.0,1,0,30-12-2012,12,2,2,0,3,6,0,0,0,0,0,0,1,64
651,1983,PhD,Married,23536.0,1,0,04-06-2014,53,1,0,0,3,3,0,0,0,0,0,0,0,10
652,1964,Master,Married,79143.0,0,0,11-08-2012,2,1,6,9,13,3,0,0,0,0,0,0,0,1693
653,1970,Graduation,Together,19656.0,1,0,08-02-2013,94,3,2,1,3,7,0,0,0,0,0,0,0,84
654,1981,Graduation,Divorced,56981.0,0,0,25-01-2014,91,1,2,3,13,6,0,1,0,0,0,0,0,1241
655,1986,Master,Together,42386.0,1,0,13-01-2013,43,1,3,0,3,8,0,0,0,0,0,0,0,100
656,1978,PhD,Married,72159.0,0,0,29-10-2012,62,1,4,6,10,2,0,0,0,0,0,0,0,1401
657,1986,Master,Single,19485.0,2,0,24-09-2013,80,1,1,0,2,7,0,0,0,0,0,0,0,10
658,1955,Master,Married,52750.0,0,1,04-02-2013,72,6,5,7,9,4,0,0,0,0,0,0,0,860
659,1977,PhD,Married,69389.0,0,1,28-09-2012,17,1,7,2,12,4,0,0,0,0,0,0,0,797
660,1966,Graduation,Together,37758.0,1,1,04-10-2012,49,2,1,0,3,8,0,0,0,0,0,0,0,40
661,1959,PhD,Divorced,62859.0,0,1,30-12-2012,37,4,9,4,6,6,0,0,0,0,0,0,0,1307
662,1951,Graduation,Single,49090.0,0,1,19-07-2013,45,3,7,2,9,7,0,0,0,0,0,0,0,688
663,1954,Graduation,Married,38998.0,1,1,03-11-2012,92,3,2,0,3,8,0,0,0,0,0,1,0,54
664,1947,PhD,Together,81574.0,0,0,28-04-2014,89,1,4,5,8,1,0,1,1,0,0,0,0,1798
665,1970,PhD,Married,38853.0,1,1,23-05-2014,90,2,2,0,3,7,0,0,0,0,0,0,0,45
666,1956,Graduation,Married,63943.0,0,1,02-09-2012,50,1,6,4,6,5,0,0,0,0,0,0,0,1106
667,1955,2n Cycle,Married,72635.0,0,0,03-06-2013,54,1,6,8,6,3,0,0,0,1,0,0,0,981
668,1961,Graduation,Married,36443.0,1,1,03-02-2013,9,4,3,1,3,8,0,0,0,0,0,0,0,138
669,1957,Graduation,Married,62187.0,0,0,05-07-2013,49,1,4,8,5,3,0,0,0,0,0,0,0,1283
670,1987,Graduation,Single,29236.0,1,0,08-10-2013,30,2,4,0,3,9,0,0,0,0,0,0,0,99
671,1970,2n Cycle,Married,15315.0,0,0,03-08-2013,27,2,2,0,4,5,0,0,0,0,0,0,0,64
672,1989,Graduation,Single,64449.0,1,0,18-02-2014,70,4,5,3,12,4,0,0,0,0,0,0,0,805
673,1978,Graduation,Together,22775.0,1,0,19-06-2013,40,1,1,0,2,8,0,0,0,0,0,0,0,15
674,1988,Graduation,Single,27938.0,1,0,28-04-2014,31,1,1,0,4,3,0,0,0,0,0,0,0,29
675,1970,Graduation,Married,13260.0,1,1,23-08-2013,48,4,3,0,3,8,0,0,0,0,0,0,0,49
676,1988,Graduation,Single,20518.0,1,0,18-05-2014,58,1,1,1,2,5,0,0,0,0,0,0,0,25
677,1993,Graduation,Absurd,79244.0,0,0,19-12-2012,58,1,4,10,7,1,0,0,1,1,0,0,1,1216
678,1963,Master,Single,64191.0,0,1,22-01-2013,30,3,5,3,13,3,0,0,0,0,0,0,0,825
679,1960,Master,Single,98777.0,0,0,17-02-2014,23,0,4,6,9,1,0,1,0,0,0,0,0,2008
680,1958,2n Cycle,Together,26490.0,0,0,22-09-2012,92,2,3,1,5,6,0,0,0,0,0,0,0,210
681,1967,PhD,Married,77766.0,0,1,22-02-2013,97,2,11,10,11,6,1,0,0,0,0,0,1,1529
682,1966,Master,Single,43456.0,0,1,26-03-2013,0,3,5,1,8,5,0,0,0,0,0,0,0,393
683,1987,Master,Divorced,61787.0,0,0,06-07-2013,71,1,8,4,6,5,0,0,0,0,0,0,0,1319
684,1947,Master,Together,77632.0,0,0,10-03-2013,73,1,4,2,6,2,0,1,1,0,0,0,1,2252
685,1956,Graduation,Together,34633.0,2,1,23-01-2014,31,1,1,0,2,6,0,0,0,0,0,0,0,15
686,1975,Graduation,Divorced,153924.0,0,0,07-02-2014,81,0,0,0,0,0,0,0,0,0,0,0,0,6
687,1949,Master,Together,49912.0,0,1,07-09-2012,5,4,10,5,7,8,1,0,0,0,0,0,1,874
688,1975,PhD,Divorced,74165.0,0,0,01-05-2013,9,1,5,4,10,2,0,0,0,0,0,0,0,1293
689,1977,Graduation,Together,55375.0,0,1,17-10-2013,3,1,1,1,6,2,0,0,0,0,0,0,0,162
690,1971,PhD,Married,60585.0,1,1,24-06-2013,17,10,7,4,9,5,0,0,0,0,0,0,1,736
691,1995,Graduation,Single,71163.0,0,0,09-03-2014,30,1,3,8,12,1,0,0,0,0,0,0,0,960
692,1970,PhD,Married,67536.0,0,1,22-05-2013,45,3,11,5,11,8,0,0,0,1,0,0,0,1829
693,1968,Graduation,Together,56534.0,0,1,23-07-2013,35,4,10,4,7,8,0,1,0,0,1,0,1,815
694,1969,Graduation,Married,14045.0,1,0,26-01-2014,24,1,1,0,3,7,0,0,0,0,0,0,0,20
695,1951,PhD,Widow,67680.0,0,1,11-06-2013,8,1,7,3,8,5,0,0,0,0,0,0,0,606
696,1951,Graduation,Together,40689.0,0,1,18-03-2013,69,7,7,1,5,8,0,0,0,0,0,0,0,444
697,1979,Graduation,Single,60474.0,0,1,01-04-2013,25,7,10,2,12,7,0,0,0,0,0,0,0,1180
698,1960,Master,Together,17144.0,1,1,15-02-2014,96,5,3,0,4,7,0,0,0,0,0,0,0,47
699,1978,2n Cycle,Married,25804.0,1,0,01-09-2013,34,2,2,0,3,8,0,0,0,0,0,0,0,55
700,1971,Graduation,Single,91700.0,0,0,17-01-2013,58,1,8,6,5,3,0,0,0,0,0,0,1,1968
701,1952,2n Cycle,Single,64831.0,1,1,10-06-2013,51,8,6,3,5,6,0,0,0,0,0,0,0,1120
702,1972,PhD,Together,34578.0,2,1,11-04-2014,1,1,1,0,2,6,0,0,0,0,0,0,0,8
703,1977,Graduation,Married,42014.0,1,0,17-08-2012,56,6,7,1,6,8,0,0,0,0,0,0,1,436
704,1971,Graduation,Single,58350.0,0,1,04-01-2013,5,4,8,3,12,6,0,0,0,0,0,0,0,1001
705,1975,PhD,Married,36663.0,1,0,25-04-2014,40,1,1,1,3,2,0,0,0,0,0,0,0,35
706,1979,Graduation,Together,34350.0,1,0,19-10-2013,81,1,1,0,3,7,0,0,0,0,0,0,0,48
707,1966,PhD,Single,78420.0,0,0,29-06-2013,75,1,3,10,8,1,0,0,0,0,0,0,0,1453
708,1970,Graduation,Divorced,33986.0,1,0,14-03-2013,43,1,1,0,3,7,0,0,0,0,0,0,0,44
709,1978,2n Cycle,Single,52195.0,2,1,12-05-2014,2,1,1,0,2,8,0,0,0,0,0,0,0,17
710,1955,Graduation,Married,67225.0,0,1,26-11-2013,4,3,7,2,11,5,0,0,0,0,0,0,0,868
711,1943,PhD,Divorced,48948.0,0,0,01-02-2013,53,2,7,10,5,6,1,0,0,0,0,0,1,902
712,1954,Graduation,Divorced,85683.0,0,0,21-03-2014,6,1,2,4,10,1,0,1,1,1,1,0,1,1789
713,1977,2n Cycle,Single,31878.0,0,1,22-06-2014,7,1,1,0,4,3,0,0,0,0,0,0,0,70
714,1974,2n Cycle,Together,49669.0,1,0,24-05-2014,97,2,5,1,6,6,0,0,0,0,0,0,0,326
715,1982,Graduation,Together,19444.0,1,0,22-02-2014,8,3,4,1,2,7,0,0,0,0,0,0,1,54
716,1975,Graduation,Together,22280.0,1,0,19-05-2013,85,1,1,0,2,8,0,0,0,0,0,0,0,13
717,1972,Graduation,Married,38988.0,1,2,20-08-2012,90,7,5,1,6,8,0,0,0,0,0,0,0,348
718,1968,Master,Divorced,63841.0,0,1,21-04-2013,64,1,9,3,9,6,0,0,0,0,0,0,0,908
719,1967,Graduation,Divorced,76982.0,0,0,15-02-2014,19,1,8,3,4,4,0,0,1,0,0,0,1,1062
720,1965,Graduation,Married,59754.0,0,1,01-12-2012,96,3,5,2,6,5,0,0,0,0,0,0,1,475
721,1990,Master,Single,91172.0,0,0,27-03-2013,94,0,4,3,7,3,1,0,1,1,1,0,1,1092
722,1990,2n Cycle,Single,51250.0,1,0,30-03-2013,28,5,10,5,4,9,1,0,0,0,0,0,0,710
723,1966,Graduation,Together,37758.0,1,1,04-10-2012,49,2,1,0,3,8,0,0,0,0,0,0,0,40
724,1958,PhD,Widow,80995.0,0,1,11-05-2013,83,1,8,9,4,4,0,0,0,0,0,0,0,1482
725,1964,Graduation,Single,61839.0,0,0,12-08-2012,20,1,4,8,4,8,0,0,0,0,0,0,0,1895
726,1952,Graduation,Single,53700.0,0,1,17-08-2012,94,4,5,5,8,5,0,0,0,0,0,0,0,694
727,1962,Graduation,Together,75072.0,0,1,23-01-2013,83,2,5,4,8,3,0,0,0,0,0,0,0,1073
728,1979,Graduation,Married,72063.0,0,1,03-07-2013,3,2,5,2,12,2,0,0,0,0,0,0,0,758
729,1966,Graduation,Divorced,48877.0,0,1,05-01-2014,27,1,3,0,4,7,0,0,0,0,0,0,0,144
730,1971,Master,Together,157733.0,1,0,04-06-2013,37,0,1,0,1,1,0,0,0,0,0,0,0,59
731,1955,Graduation,Single,72906.0,0,0,17-09-2013,79,1,3,4,9,1,0,0,0,0,0,0,0,1151
732,1955,Master,Divorced,70638.0,0,0,01-06-2013,69,1,4,5,10,3,0,1,0,0,0,0,0,1334
733,1971,PhD,Together,32892.0,1,0,25-05-2014,78,2,3,0,3,8,0,0,0,0,0,0,0,46
734,1971,Graduation,Married,73691.0,0,1,06-11-2013,58,2,6,2,8,2,1,0,0,0,0,0,0,1179
735,1968,Master,Married,29543.0,2,0,01-04-2014,47,2,3,1,2,7,0,0,0,0,0,0,0,63
736,1956,Graduation,Together,54450.0,1,1,14-09-2012,0,12,9,2,8,8,0,0,0,0,0,0,0,684
737,1976,PhD,Single,42473.0,1,1,17-02-2014,72,3,2,1,4,5,0,0,0,0,0,0,0,144
738,1978,2n Cycle,Together,38702.0,1,0,01-08-2013,71,2,3,0,4,6,0,0,0,0,0,0,0,109
739,1972,Basic,Married,14188.0,0,0,28-02-2013,40,1,2,0,4,6,0,0,0,0,0,0,0,75
740,1989,Graduation,Single,21474.0,1,0,08-04-2014,0,2,3,1,2,7,1,0,0,0,0,0,1,91
741,1956,PhD,Widow,35340.0,1,1,29-06-2014,1,2,2,0,3,5,0,0,0,0,0,0,0,45
742,1969,Graduation,Widow,40590.0,1,1,02-10-2013,30,5,3,4,3,6,1,0,0,0,0,0,0,258
743,1966,Graduation,Married,44794.0,0,1,08-06-2014,99,1,2,0,3,6,0,0,0,0,0,0,0,65
744,1982,2n Cycle,Married,57937.0,0,1,16-02-2014,56,3,4,4,9,3,0,0,0,0,0,0,0,683
745,1948,PhD,Married,61467.0,0,2,09-12-2012,69,3,5,2,10,5,0,0,0,0,0,0,0,594
746,1951,PhD,Married,78939.0,0,0,12-12-2013,57,1,8,5,6,3,0,0,0,0,0,0,0,1507
747,1965,2n Cycle,Together,71488.0,0,0,18-02-2013,87,2,3,4,7,1,0,0,0,0,0,0,0,559
748,1968,PhD,Married,36778.0,1,1,05-08-2012,63,3,3,0,3,9,0,0,0,0,0,0,0,77
749,1965,PhD,Married,62745.0,0,1,23-03-2013,89,3,7,8,11,5,0,0,0,0,0,0,0,1117
750,1969,PhD,Widow,62187.0,0,1,22-03-2014,38,3,6,2,10,4,0,0,0,0,0,0,0,636
751,1996,2n Cycle,Married,7500.0,0,0,09-11-2012,24,3,3,1,3,9,0,0,0,0,0,0,1,122
752,1964,PhD,Married,45759.0,1,1,23-02-2013,13,2,2,0,3,7,0,0,0,0,0,0,0,68
753,1973,Graduation,Divorced,89694.0,1,1,09-10-2013,22,3,4,3,4,5,0,1,1,1,0,0,0,1472
754,1957,2n Cycle,Married,82347.0,0,0,06-11-2012,38,1,7,7,10,3,1,0,0,1,0,0,0,1853
755,1953,Graduation,Single,40464.0,0,1,11-01-2013,78,6,8,2,8,8,0,0,0,0,0,0,0,630
756,1986,PhD,Together,34320.0,1,0,16-02-2014,66,1,1,0,2,8,0,0,0,0,0,0,0,17
757,1960,Graduation,Together,63381.0,0,1,05-10-2012,78,4,4,5,13,2,0,0,0,0,0,0,0,1005
758,1953,Graduation,Married,70503.0,0,0,30-09-2012,73,1,2,4,9,6,0,1,1,0,0,0,0,1727
759,1975,Graduation,Together,59481.0,0,1,23-10-2013,47,2,3,3,8,2,0,0,0,0,0,0,0,461
760,1900,2n Cycle,Divorced,36640.0,1,0,26-09-2013,99,1,2,1,2,5,0,0,0,0,0,1,0,65
761,1967,Graduation,Married,22574.0,2,1,28-10-2013,28,2,2,0,3,7,0,0,0,0,0,0,0,37
762,1968,PhD,Divorced,50616.0,0,1,18-04-2014,56,2,4,0,4,7,0,0,0,0,0,0,0,149
763,1984,Master,Single,31385.0,1,0,05-12-2012,56,1,1,0,2,8,1,0,0,0,0,0,1,27
764,1977,Graduation,Married,54233.0,0,1,04-02-2013,46,4,11,6,5,8,0,0,0,0,0,0,0,981
765,1958,Graduation,Single,68281.0,0,0,07-08-2012,31,1,2,9,13,5,0,0,0,0,0,0,1,1655
766,1969,Graduation,Married,65747.0,0,1,07-03-2014,96,4,8,1,6,6,0,1,0,0,0,0,0,460
767,1965,Graduation,Together,47009.0,0,1,01-10-2013,89,4,3,2,8,4,0,0,0,0,0,0,0,448
768,1969,Graduation,Married,72460.0,0,0,14-11-2013,56,1,3,5,7,1,0,0,0,0,0,0,0,1047
769,1991,PhD,Together,68682.0,0,0,06-10-2013,56,1,4,9,10,2,0,0,0,0,0,0,0,1598
770,1982,Master,Single,75777.0,0,0,04-07-2013,12,1,3,6,11,1,0,1,1,0,0,0,1,1438
771,1961,PhD,Together,63342.0,0,1,16-10-2012,48,3,8,3,5,6,0,1,0,0,0,0,1,1101
772,1972,Graduation,Married,65685.0,0,1,29-03-2014,54,1,9,2,9,5,0,0,0,0,0,0,0,769
773,1971,Master,Single,39763.0,1,0,04-08-2013,9,2,5,1,2,9,0,0,0,0,0,0,1,167
774,1974,Graduation,Together,56715.0,0,0,05-12-2012,52,1,7,3,4,4,0,0,0,0,0,0,0,1020
775,1945,Master,Together,62847.0,0,0,15-01-2013,45,1,3,6,4,2,0,0,0,0,0,0,0,1612
776,1971,Master,Married,35178.0,1,0,10-01-2013,10,1,1,1,2,7,1,0,0,0,0,0,1,59
777,1961,PhD,Divorced,64325.0,0,1,07-02-2013,41,5,10,3,5,7,0,0,0,0,0,0,0,1307
778,1967,2n Cycle,Together,67309.0,1,1,23-01-2013,76,15,9,6,9,7,0,0,0,0,0,0,0,1082
779,1974,Graduation,Together,83145.0,0,0,22-09-2012,14,1,5,9,11,2,0,0,1,0,0,0,1,1833
780,1973,PhD,Married,32644.0,1,0,16-01-2013,38,4,7,1,6,8,1,0,0,0,0,0,0,413
781,1960,2n Cycle,Together,92556.0,0,0,20-04-2014,32,0,3,5,13,0,0,0,0,0,0,0,0,1263
782,1975,Master,Single,46098.0,1,1,18-08-2012,86,4,3,2,2,8,0,0,0,0,0,0,0,120
783,1991,Master,Single,90638.0,0,0,13-02-2014,29,1,3,4,10,1,0,0,1,0,0,0,0,2525
784,1945,Graduation,Married,69755.0,0,0,02-10-2013,23,1,3,6,12,1,0,0,0,0,0,0,0,894
785,1970,Graduation,Married,70617.0,0,0,23-06-2013,45,1,3,3,7,2,0,0,0,0,0,0,0,1280
786,1952,Master,Together,55951.0,0,1,23-08-2012,62,3,3,6,11,8,0,1,0,0,1,0,0,1374
787,1968,Master,Divorced,63841.0,0,1,21-04-2013,64,1,9,3,9,6,0,0,0,0,0,0,0,908
788,1949,PhD,Married,69098.0,0,0,16-02-2013,82,1,7,8,9,5,0,0,0,0,0,0,0,2440
789,1962,Graduation,Single,50785.0,1,1,10-09-2013,27,2,2,1,3,6,0,0,0,0,0,0,0,114
790,1978,Graduation,Divorced,63693.0,0,1,14-10-2013,63,3,11,6,9,6,0,0,0,0,0,0,0,1150
791,1966,Master,Married,57183.0,1,1,19-03-2013,51,8,9,1,7,8,0,0,0,0,0,0,0,610
792,1984,Graduation,Together,26646.0,1,0,10-02-2014,26,2,2,0,4,6,0,0,0,0,0,0,0,53
793,1951,Master,Married,27450.0,0,0,15-04-2013,57,1,2,1,3,7,0,0,0,0,0,0,0,143
794,1952,PhD,Married,50870.0,0,1,19-06-2014,13,1,2,0,3,5,0,0,0,0,0,0,0,63
795,1976,PhD,Together,72335.0,0,0,13-08-2012,2,1,10,4,8,8,0,0,0,0,0,0,1,2092
796,1965,Graduation,Married,59594.0,0,1,20-10-2012,74,1,8,1,7,7,0,1,0,0,0,0,0,499
797,1968,Graduation,Together,40521.0,1,1,05-04-2013,82,1,0,1,2,5,0,0,0,0,0,0,0,21
798,1980,Graduation,Married,80011.0,0,1,29-04-2013,3,2,8,6,5,4,0,0,0,0,0,0,0,1395
799,1953,Master,Widow,84953.0,0,0,03-06-2013,73,1,3,10,4,2,0,1,1,1,0,0,1,1024
800,1981,Graduation,Married,19419.0,1,0,10-11-2012,76,4,4,0,3,9,0,0,0,0,0,0,0,70
801,1951,Master,Together,47352.0,0,1,11-04-2013,70,4,6,1,5,7,0,0,0,0,0,0,0,319
802,1972,Graduation,Divorced,51813.0,1,1,11-04-2013,37,2,2,0,3,7,0,0,0,0,0,0,0,63
803,1978,Graduation,Together,28587.0,1,0,12-02-2014,42,3,2,0,4,6,0,0,0,0,0,0,0,78
804,1956,Master,Together,50943.0,0,1,21-06-2013,49,1,1,0,3,5,0,0,0,0,0,0,0,46
805,1973,Graduation,Together,22682.0,1,0,03-10-2013,51,3,2,1,4,4,0,0,0,0,0,0,0,95
806,1965,Graduation,Together,71613.0,0,0,21-08-2013,26,1,8,2,10,4,0,0,0,0,0,0,0,776
807,1972,Graduation,Married,30467.0,1,0,19-03-2014,8,1,1,0,2,7,0,0,0,0,0,0,0,24
808,1985,Graduation,Single,70596.0,0,0,05-10-2012,68,1,3,5,12,2,0,0,0,0,0,0,0,968
809,1955,2n Cycle,Married,62972.0,0,1,03-08-2012,39,2,7,4,3,6,0,0,0,0,0,0,0,587
810,1963,PhD,Married,81300.0,0,1,30-10-2012,17,3,10,3,5,5,0,0,0,1,0,0,1,1241
811,1959,Master,Married,34242.0,0,1,23-03-2014,25,1,0,0,3,5,0,0,0,0,0,0,0,15
812,1973,Graduation,Married,25410.0,1,0,31-08-2013,48,1,1,0,4,4,0,0,0,0,0,0,0,38
813,1948,PhD,Together,46681.0,0,2,08-10-2013,52,2,4,6,4,5,0,0,0,0,0,0,0,425
814,1978,Graduation,Married,38415.0,1,1,02-01-2013,91,2,1,0,3,7,0,0,0,0,0,0,0,44
815,1970,2n Cycle,Married,62466.0,0,1,15-01-2014,13,5,6,3,12,4,0,0,0,0,0,0,0,889
816,1950,Graduation,Together,48070.0,0,1,13-01-2013,33,3,8,2,6,7,0,0,0,0,0,1,0,504
817,1972,Graduation,Married,69209.0,0,0,17-09-2012,4,2,5,3,6,4,0,0,0,1,0,0,0,1782
818,1975,Basic,Married,30801.0,0,1,26-10-2012,23,2,1,0,3,7,0,0,0,0,0,0,0,45
819,1967,Graduation,Married,77870.0,0,1,22-08-2012,93,3,5,5,5,8,0,1,0,1,0,0,1,1815
820,1952,Master,Together,40442.0,1,1,19-08-2012,52,4,3,1,4,7,0,0,0,0,0,0,1,169
821,1962,Graduation,Together,62568.0,0,1,07-04-2014,99,3,5,3,5,4,0,0,0,1,0,0,0,953
822,1982,Graduation,Married,37040.0,0,0,08-08-2012,41,1,4,2,5,8,0,0,0,0,0,0,0,316
823,1983,Master,Married,27100.0,1,0,05-04-2013,64,1,1,0,3,7,0,0,0,0,0,0,0,37
824,1976,Graduation,Married,24027.0,1,0,09-06-2013,7,2,2,0,3,8,0,0,0,0,0,0,0,48
825,1972,PhD,Together,83443.0,0,0,31-12-2013,89,1,6,10,5,2,0,0,0,0,0,0,0,1497
826,1990,Graduation,Married,30093.0,0,0,08-07-2013,19,1,2,0,3,7,0,0,0,0,0,0,0,69
827,1993,Graduation,Single,74293.0,0,0,04-05-2014,66,1,5,4,6,2,0,0,0,0,0,0,0,1127
828,1948,PhD,Married,45579.0,0,1,20-08-2013,10,1,4,1,4,6,0,0,0,0,0,0,0,183
829,1975,2n Cycle,Married,22212.0,1,0,09-12-2013,49,2,2,0,4,6,0,0,0,0,0,0,0,69
830,1979,Graduation,Married,27244.0,1,0,07-03-2014,84,2,2,2,2,7,0,0,0,0,0,0,0,101
831,1969,Graduation,Single,54803.0,0,1,21-08-2012,65,2,6,2,9,4,0,0,0,0,0,0,0,693
832,1964,Master,Single,58308.0,0,1,12-01-2013,77,4,2,6,3,8,0,0,0,0,0,0,0,900
833,1995,Graduation,Single,34824.0,0,0,26-03-2014,65,1,1,0,2,6,0,0,0,0,0,0,0,23
834,1967,Graduation,Divorced,68743.0,0,0,30-08-2012,81,1,11,5,13,7,0,0,0,0,0,0,0,2074
835,1961,Master,Married,61794.0,0,1,14-09-2013,74,2,4,4,10,2,0,0,0,0,0,0,0,611
836,1982,Master,Together,73450.0,0,0,05-12-2013,85,1,7,8,11,3,1,0,0,1,0,0,0,1804
837,1974,2n Cycle,Married,20130.0,0,0,17-03-2014,99,1,1,0,3,8,0,0,0,0,0,0,0,34
838,1973,Master,Divorced,44051.0,1,1,29-01-2013,20,4,3,1,4,6,0,0,0,0,0,0,1,171
839,1970,2n Cycle,Divorced,65706.0,0,0,28-06-2013,77,1,11,3,12,7,0,1,1,0,1,0,1,1199
840,1961,PhD,Divorced,54959.0,0,1,19-01-2013,55,3,9,5,4,7,0,1,0,0,0,0,1,1232
841,1979,Graduation,Married,17688.0,1,0,13-01-2013,82,1,1,0,2,8,0,0,0,0,0,1,0,11
842,1970,2n Cycle,Married,23162.0,1,1,21-12-2013,82,3,1,1,3,6,0,0,0,0,0,0,0,65
843,1975,2n Cycle,Widow,47682.0,0,1,15-02-2013,80,4,4,3,8,5,0,0,0,0,0,0,0,521
844,1973,Graduation,Single,7500.0,1,0,26-12-2013,54,4,3,1,3,7,0,0,0,0,0,0,0,57
845,1973,Graduation,Married,67432.0,0,1,29-03-2013,69,2,8,5,4,4,0,0,0,0,0,0,0,1335
846,1964,Graduation,Married,60597.0,0,1,01-01-2014,2,4,2,2,8,7,0,0,0,1,0,0,1,893
847,1960,Master,Together,83151.0,0,0,10-10-2012,93,1,5,9,4,3,0,0,0,0,0,0,0,747
848,1992,Graduation,Married,34935.0,0,0,21-06-2013,71,1,2,1,4,7,0,0,0,0,0,0,0,137
849,1970,PhD,Together,82072.0,0,0,02-07-2013,67,1,3,2,13,1,0,0,0,0,0,0,0,2018
850,1989,Graduation,Single,81217.0,0,0,19-07-2013,77,1,3,7,11,1,0,0,0,0,0,0,0,1157
851,1958,PhD,Together,51518.0,0,1,03-10-2013,92,2,3,2,10,3,0,0,0,0,0,0,0,449
852,1961,Master,Together,74881.0,1,1,08-03-2013,48,4,9,2,12,5,0,0,0,0,0,0,0,964
853,1962,Graduation,Divorced,63887.0,0,1,08-09-2012,38,5,9,6,12,6,0,0,0,0,0,0,0,1245
854,1962,Graduation,Together,50127.0,0,1,29-05-2014,88,1,5,1,6,6,0,1,0,0,0,0,0,320
855,1980,PhD,Single,76412.0,0,0,05-05-2013,15,1,5,4,8,3,0,0,1,1,0,0,1,1808
856,1983,PhD,Married,50150.0,0,0,20-06-2013,32,2,5,2,7,5,0,0,0,0,0,0,0,410
857,1950,PhD,Married,55517.0,1,1,27-09-2012,53,5,11,1,6,9,0,0,0,0,0,0,1,633
858,1969,Graduation,Together,38361.0,1,0,27-12-2013,74,3,3,1,3,7,0,0,0,0,0,0,0,137
859,1987,Master,Single,41020.0,0,0,28-10-2013,68,1,3,2,4,3,0,0,0,0,0,0,0,217
860,1963,PhD,Widow,52278.0,0,1,25-01-2013,24,6,10,5,10,8,0,0,0,0,0,0,1,1198
861,1963,Master,Together,38620.0,0,0,11-05-2013,56,1,2,5,3,3,0,0,0,0,0,0,0,318
862,1968,Master,Divorced,41335.0,1,0,26-12-2013,24,3,4,1,4,7,0,0,0,0,0,0,0,187
863,1959,Graduation,Married,18690.0,0,0,28-12-2012,77,1,1,1,2,8,0,0,0,0,0,0,0,60
864,1958,PhD,Single,50729.0,1,1,02-05-2013,62,9,6,2,7,6,0,0,0,0,0,0,0,496
865,1893,2n Cycle,Single,60182.0,0,1,17-05-2014,23,1,1,0,2,4,0,0,0,0,0,0,0,22
866,1971,Graduation,Single,22804.0,1,0,31-07-2013,75,1,2,0,2,9,0,0,0,0,0,0,0,26
867,1992,Master,Together,42670.0,0,0,27-04-2013,12,1,4,2,4,4,0,0,0,0,0,0,0,241
868,1983,PhD,Divorced,90687.0,0,0,22-05-2013,98,1,6,2,8,2,0,0,1,0,0,0,1,1779
869,1979,2n Cycle,Single,88194.0,0,1,19-03-2014,19,1,11,10,10,5,1,0,0,1,0,0,1,1274
870,1981,Graduation,Single,72066.0,0,0,23-06-2014,55,1,4,6,6,2,0,0,1,1,0,0,1,1792
871,1976,PhD,Divorced,55412.0,1,1,22-11-2013,65,1,2,0,3,5,0,0,0,0,0,0,0,63
872,1972,Graduation,Together,59868.0,0,1,22-07-2013,37,7,11,2,12,6,0,0,0,0,0,0,0,1194
873,1948,PhD,Together,66375.0,0,1,21-11-2013,96,3,2,4,5,7,1,0,0,0,0,0,0,948
874,1977,Graduation,Together,46931.0,2,1,24-04-2014,94,2,1,1,3,3,0,0,0,0,0,0,0,78
875,1968,Graduation,Together,35322.0,1,2,22-08-2012,34,3,2,0,4,8,0,0,0,0,0,0,0,106
876,1965,Graduation,Married,48006.0,1,1,09-06-2014,55,1,1,0,3,6,0,0,0,0,0,0,0,41
877,1989,Graduation,Together,31928.0,1,0,28-03-2014,5,2,3,0,4,7,0,0,0,0,0,0,0,72
878,1969,PhD,Married,94871.0,0,2,01-09-2012,99,1,8,5,4,7,0,1,1,0,0,0,1,1078
879,1952,Graduation,Together,83844.0,0,0,12-05-2013,57,1,4,4,11,1,0,0,1,0,0,0,0,1574
880,1955,Graduation,Married,65210.0,0,1,10-03-2014,25,2,9,3,8,6,0,1,0,1,0,0,0,731
881,1980,Graduation,Married,37406.0,1,0,10-10-2013,18,1,1,0,2,8,0,0,0,0,0,0,1,17
882,1978,Graduation,Married,71427.0,2,0,12-03-2014,26,2,8,2,8,4,0,0,0,0,0,0,0,614
883,1992,Graduation,Married,34935.0,0,0,21-06-2013,71,1,2,1,4,7,0,0,0,0,0,0,0,137
884,1966,Master,Together,49618.0,1,1,26-01-2013,77,4,3,1,3,7,0,0,0,0,0,0,0,129
885,1958,Graduation,Married,81320.0,0,0,06-02-2013,61,1,4,3,10,2,0,0,0,0,0,0,0,928
886,1984,Graduation,Together,35196.0,1,0,13-11-2012,68,6,6,1,5,8,0,0,0,0,0,0,1,497
887,1959,PhD,Divorced,68805.0,0,1,17-09-2013,73,1,3,1,7,2,0,0,0,0,0,0,0,283
888,1971,Master,Married,35178.0,1,0,10-01-2013,10,1,1,1,2,7,1,0,0,0,0,0,1,59
889,1959,PhD,Married,52854.0,1,1,24-03-2014,43,2,2,1,4,5,0,0,0,0,0,0,0,116
890,1978,Graduation,Single,30168.0,1,0,07-03-2013,51,7,6,1,4,9,0,0,0,0,0,0,0,279
891,1978,2n Cycle,Married,12393.0,0,0,04-12-2012,38,1,2,0,3,9,0,0,0,0,0,0,0,57
892,1945,PhD,Single,113734.0,0,0,28-05-2014,9,0,27,0,0,1,0,0,0,0,0,0,0,277
893,1950,PhD,Single,48767.0,1,2,01-01-2014,79,3,2,1,3,5,0,0,0,0,0,0,0,63
894,1970,Graduation,Married,69016.0,0,1,22-11-2012,61,4,8,9,13,5,0,0,0,0,0,0,0,1533
895,1984,2n Cycle,Together,32414.0,0,0,04-07-2013,11,1,1,0,3,7,1,0,0,0,0,0,0,52
896,1956,PhD,Widow,78028.0,0,1,10-09-2012,38,1,6,4,9,7,0,1,1,0,0,0,1,528
897,1979,2n Cycle,Married,31086.0,1,1,04-05-2013,79,2,1,1,2,8,1,0,0,0,0,0,0,48
898,1965,2n Cycle,Divorced,64176.0,0,1,03-08-2012,52,8,8,9,8,6,0,0,0,0,0,0,0,1826
899,1978,Graduation,Married,65819.0,0,0,29-11-2012,99,1,5,4,10,3,0,0,0,0,0,0,0,1383
900,1958,Master,Married,80739.0,0,0,23-05-2013,92,1,3,11,9,1,0,0,0,0,0,0,0,1633
901,1985,Basic,Single,16581.0,0,0,12-01-2013,51,1,0,0,3,4,0,0,0,0,0,0,0,24
902,1953,Graduation,Together,34587.0,1,1,16-05-2014,68,2,1,0,3,4,0,0,0,0,0,0,0,22
903,1986,Graduation,Single,39146.0,1,0,14-02-2013,1,3,4,0,4,8,0,0,0,0,0,0,0,165
904,1954,PhD,Single,74637.0,0,0,18-05-2013,73,1,6,9,9,3,0,0,0,1,0,0,0,1650
905,1965,Master,Single,35791.0,2,1,06-05-2013,94,2,1,0,3,8,0,0,0,0,0,0,0,35
906,1971,2n Cycle,Married,54690.0,1,1,07-11-2013,76,3,3,1,5,3,0,0,0,0,0,0,0,198
907,1966,Graduation,Married,54198.0,1,1,17-12-2013,13,6,3,1,6,4,0,0,0,0,0,0,0,235
908,1975,2n Cycle,Married,17003.0,1,0,09-12-2013,37,3,2,0,4,5,0,0,0,0,0,0,0,38
909,1982,Graduation,Together,61416.0,0,0,08-02-2013,25,1,10,3,10,6,1,0,0,0,0,0,0,1665
910,1974,Graduation,Married,67445.0,0,1,12-08-2012,63,5,9,6,12,6,0,0,0,0,0,0,0,1174
911,1964,Graduation,Single,81246.0,0,0,29-12-2013,87,1,4,5,7,1,1,0,0,1,0,0,0,1379
912,1963,2n Cycle,Single,39548.0,1,1,31-03-2014,87,2,1,1,3,3,0,0,0,0,0,0,0,54
913,1988,Graduation,Single,25008.0,1,0,02-02-2014,72,2,1,0,3,8,0,0,0,0,0,0,0,34
914,1973,Graduation,Together,73926.0,0,0,02-03-2013,54,1,6,5,12,3,0,0,0,0,0,0,0,1580
915,1990,Basic,Married,24279.0,0,0,29-12-2012,6,1,4,1,3,8,0,0,0,0,0,0,0,263
916,1977,Graduation,Married,31353.0,1,1,29-12-2013,24,2,1,1,2,8,0,0,0,0,0,0,1,31
917,1978,2n Cycle,Divorced,21282.0,1,0,11-05-2014,76,2,2,1,2,6,0,0,0,0,0,0,0,46
918,1981,PhD,Married,58293.0,1,0,19-01-2014,94,5,5,3,6,5,0,0,0,0,0,0,0,422
919,1975,Graduation,Single,33955.0,1,0,09-08-2013,92,4,5,1,5,8,0,0,0,0,0,0,0,270
920,1963,Graduation,Divorced,68118.0,0,1,18-10-2013,51,2,8,9,4,6,0,0,0,0,0,0,0,928
921,1973,Master,Married,38961.0,1,0,30-12-2013,60,1,2,1,2,7,0,0,0,0,0,0,0,70
922,1940,PhD,Single,51141.0,0,0,08-07-2013,96,1,3,1,4,5,0,0,0,0,0,0,0,157
923,1963,Graduation,Single,49980.0,0,1,23-10-2013,79,2,3,1,5,5,0,0,0,0,0,0,0,195
924,1968,PhD,Married,38443.0,1,1,27-01-2014,58,2,1,0,3,7,0,0,0,0,0,0,0,38
925,1972,PhD,Single,27213.0,1,0,30-08-2012,19,3,2,0,4,8,0,0,0,0,0,0,1,70
926,1958,PhD,Single,71691.0,0,0,17-03-2014,0,1,4,7,5,2,0,0,0,0,0,0,1,1192
927,1959,Graduation,Together,57957.0,0,1,19-08-2013,24,7,4,6,8,3,0,0,0,0,0,1,0,637
928,1981,PhD,Married,87171.0,0,0,01-05-2013,27,1,6,7,11,2,1,0,1,0,0,0,0,1298
929,1954,Master,Together,36634.0,0,1,28-05-2013,0,3,5,2,5,7,0,0,0,0,0,0,0,335
930,1987,PhD,Single,42000.0,0,0,10-01-2013,23,2,5,2,11,5,0,0,0,0,0,0,1,653
931,1970,Graduation,Single,20587.0,1,0,11-05-2014,39,1,1,1,2,7,0,0,0,0,0,0,0,25
932,1951,Graduation,Widow,67046.0,0,1,06-01-2013,92,2,4,5,4,2,0,0,0,0,0,0,0,993
933,1970,PhD,Single,32303.0,0,1,08-03-2014,63,2,1,0,4,5,0,0,0,0,0,0,0,39
934,1963,Graduation,Married,80124.0,0,0,26-06-2014,47,1,3,7,8,1,1,0,0,0,0,0,0,1495
935,1945,PhD,Single,45576.0,0,0,28-05-2014,9,1,3,1,3,8,0,0,0,0,0,0,1,145
936,1959,2n Cycle,Divorced,59052.0,0,1,17-11-2013,29,3,7,1,7,5,0,0,0,0,0,0,0,491
937,1973,PhD,Divorced,35860.0,1,1,19-05-2014,37,2,1,1,2,5,1,0,0,0,0,0,0,49
938,1980,Graduation,Together,69508.0,1,0,14-11-2012,48,2,11,4,11,6,0,0,0,0,0,0,0,1135
939,1988,Graduation,Together,41883.0,1,0,19-03-2013,13,3,4,2,3,7,0,0,0,0,0,0,0,312
940,1956,2n Cycle,Married,53230.0,0,1,03-08-2012,86,4,5,2,12,5,0,0,0,0,0,0,0,732
941,1964,Graduation,Married,40800.0,1,2,01-01-2013,77,2,3,0,3,7,0,0,0,0,0,1,0,99
942,1970,Graduation,Single,61209.0,0,0,25-08-2013,73,1,5,3,4,2,0,0,0,0,0,0,0,957
943,1959,Graduation,Married,18690.0,0,0,28-12-2012,77,1,1,1,2,8,0,0,0,0,0,0,0,60
944,1964,PhD,Together,46910.0,1,1,23-03-2014,36,2,2,0,3,6,0,0,0,0,0,0,0,68
945,1979,2n Cycle,Together,7500.0,1,0,07-05-2013,7,4,3,2,2,7,0,0,0,0,0,0,0,53
946,1973,Master,Married,54108.0,1,1,05-11-2012,74,13,8,2,9,8,0,0,0,0,0,0,0,747
947,1976,Graduation,Married,59809.0,0,2,18-10-2012,36,3,3,3,6,8,0,0,0,0,0,0,0,877
948,1976,2n Cycle,Together,75484.0,0,1,02-08-2012,50,2,7,3,6,4,0,0,0,0,0,0,0,1159
949,1986,Graduation,Single,26576.0,1,0,13-10-2012,40,1,1,0,2,9,1,0,0,0,0,0,1,27
950,1986,Basic,Single,8940.0,1,0,22-08-2012,25,3,3,1,3,8,0,0,0,0,0,0,0,101
951,1986,PhD,Single,29999.0,1,0,13-02-2013,22,4,3,1,4,8,0,0,0,0,0,0,0,160
952,1954,Graduation,Married,86718.0,0,0,17-01-2013,20,1,5,6,5,2,0,0,0,0,0,0,0,1270
953,1978,Graduation,Single,7500.0,1,1,27-12-2012,5,4,2,1,3,6,0,0,0,0,0,0,0,57
954,1957,Master,Together,66636.0,0,0,17-08-2013,64,1,3,4,9,1,0,0,0,0,0,0,0,1084
955,1950,PhD,Together,59292.0,0,1,13-06-2013,71,2,3,5,8,3,0,0,0,0,0,0,0,507
956,1956,Graduation,Single,46998.0,0,1,22-10-2012,55,5,5,3,5,7,1,0,0,0,0,0,0,377
957,1978,2n Cycle,Together,52513.0,0,0,04-09-2012,84,2,9,5,9,7,0,0,0,0,0,0,0,1149
958,1955,Graduation,Single,62535.0,0,1,03-10-2013,13,1,3,2,8,3,0,0,0,0,0,0,0,398
959,1978,Graduation,Married,57113.0,1,1,06-02-2013,45,6,4,1,5,7,0,0,0,0,0,0,0,263
960,1958,Graduation,Together,69096.0,0,1,27-09-2013,4,1,5,2,10,4,0,0,0,0,0,0,0,653
961,1956,Graduation,Married,90369.0,0,0,28-04-2014,2,1,4,6,6,1,0,0,0,0,0,0,1,1588
962,1960,PhD,Married,49154.0,1,1,03-11-2013,69,6,4,1,8,6,0,0,0,0,0,0,0,411
963,1978,Graduation,Together,42554.0,1,1,12-01-2013,93,2,2,0,3,4,0,0,0,0,0,0,0,41
964,1963,PhD,Divorced,72968.0,0,0,16-12-2013,8,1,5,5,8,3,0,0,0,1,0,0,1,1958
965,1976,Master,Married,49681.0,0,2,04-11-2013,66,6,7,1,7,7,0,0,0,0,0,0,0,458
966,1946,Master,Married,68657.0,0,0,20-02-2013,4,1,3,5,9,7,0,0,0,0,0,0,0,1196
967,1947,PhD,Widow,68117.0,0,1,10-03-2013,80,2,11,8,4,6,1,0,0,0,0,0,1,930
968,1980,Graduation,Married,15072.0,2,0,10-05-2013,96,4,3,1,3,5,0,0,0,0,0,0,0,53
969,1958,Master,Married,49572.0,1,1,15-12-2013,25,2,2,0,3,7,0,0,0,0,0,0,0,54
970,1977,Master,Married,78710.0,0,1,23-05-2014,42,3,7,6,12,4,0,0,0,0,0,0,0,1092
971,1971,Master,Together,80573.0,0,0,14-10-2012,85,1,4,6,13,2,0,0,0,0,0,0,0,1564
972,1977,Graduation,Married,71855.0,0,1,16-01-2013,59,4,5,5,11,3,0,0,0,0,0,0,0,1141
973,1971,Graduation,Together,69930.0,0,0,26-05-2013,21,1,4,5,12,3,0,0,0,0,0,0,0,1662
974,1977,PhD,Divorced,34487.0,1,1,06-09-2012,94,3,3,0,3,9,0,0,0,0,0,0,0,103
975,1960,Graduation,Together,70971.0,0,1,21-09-2012,28,7,11,11,5,7,0,0,0,0,0,0,1,1825
976,1952,Graduation,Single,44213.0,1,1,29-11-2013,48,4,2,1,5,6,0,0,0,0,0,0,0,152
977,1954,Graduation,Together,77972.0,0,0,18-03-2014,18,1,4,6,9,1,0,0,0,0,0,0,0,1101
978,1989,2n Cycle,Together,38683.0,1,0,04-10-2012,80,6,4,1,6,7,0,0,0,0,0,0,0,341
979,1972,Graduation,Together,77044.0,0,1,27-10-2013,12,2,7,11,11,4,1,0,0,0,0,0,0,1065
980,1944,Graduation,Married,65275.0,0,0,03-04-2013,9,1,4,3,13,2,0,0,0,0,0,0,0,746
981,1979,Graduation,Together,85693.0,0,1,20-04-2013,59,2,9,5,11,5,0,0,0,0,0,0,0,1169
982,1961,PhD,Together,63342.0,0,1,16-10-2012,48,3,8,3,5,6,0,1,0,0,0,0,0,1101
983,1961,PhD,Single,84865.0,0,0,09-05-2013,1,1,2,4,9,4,0,1,1,1,1,0,1,1688
984,1975,Graduation,Married,37085.0,1,1,26-06-2014,65,4,3,0,3,8,0,0,0,0,0,0,0,61
985,1954,Master,Married,66991.0,0,0,11-09-2012,1,3,4,8,6,3,0,0,0,0,0,0,0,1253
986,1949,PhD,Widow,51569.0,0,1,12-02-2013,39,4,7,1,7,8,0,1,0,0,0,0,1,467
987,1970,PhD,Married,59892.0,0,1,02-11-2013,26,1,2,1,3,3,0,0,0,0,0,0,0,87
988,1987,PhD,Married,51563.0,0,0,01-10-2012,60,1,4,4,10,8,0,1,1,0,0,0,0,1250
989,1974,Graduation,Single,43322.0,0,0,21-04-2014,25,1,3,0,4,7,0,0,0,0,0,0,0,141
990,1971,Graduation,Single,10245.0,1,0,15-05-2013,32,3,1,2,2,5,0,0,0,0,0,0,0,41
991,1976,PhD,Divorced,70179.0,0,1,21-07-2013,10,3,7,3,13,5,0,0,0,0,0,0,0,1034
992,1976,Graduation,Divorced,31615.0,1,0,16-03-2013,82,2,2,0,3,7,0,0,0,0,0,0,0,51
993,1976,PhD,Married,49544.0,1,0,12-02-2013,0,2,5,1,8,7,0,0,0,0,0,0,0,404
994,1981,2n Cycle,Together,75774.0,1,0,02-05-2014,27,1,7,5,8,4,0,0,0,0,0,0,0,823
995,1952,Graduation,Married,50300.0,0,1,25-05-2014,52,2,2,1,8,2,0,0,0,0,0,0,0,270
996,1966,Graduation,Single,63810.0,0,1,11-11-2012,45,4,4,3,12,8,0,1,0,0,0,0,0,1371
997,1973,Graduation,Single,34853.0,1,1,23-12-2013,75,2,2,0,3,6,0,0,0,0,0,0,0,34
998,1970,Master,Single,29548.0,1,0,29-08-2013,52,1,1,1,2,4,1,0,0,0,0,0,0,29
999,1962,Master,Single,72217.0,0,0,10-04-2013,93,1,3,10,8,2,0,0,0,0,0,0,0,1573
1000,1944,Graduation,Married,80589.0,0,0,22-01-2014,25,1,5,10,5,1,0,0,0,1,0,0,1,1428
1001,1978,PhD,Together,27683.0,1,0,04-08-2012,90,4,6,2,4,8,0,0,0,0,0,0,0,351
1002,1971,Graduation,Married,37150.0,1,0,11-09-2012,80,8,4,3,6,7,0,0,0,0,0,0,0,467
1003,1976,PhD,Married,68397.0,0,1,17-11-2013,6,1,6,9,5,3,0,0,0,0,0,0,0,1416
1004,1970,Graduation,Married,90765.0,0,0,24-01-2014,25,0,4,6,5,1,0,0,1,1,0,0,0,1724
1005,1955,PhD,Single,49667.0,0,0,20-08-2012,35,2,5,10,5,8,1,0,0,0,0,0,1,1396
1006,1980,Graduation,Divorced,81702.0,0,0,23-09-2012,98,1,7,7,12,3,0,0,0,0,0,0,0,1633
1007,1954,PhD,Married,65324.0,0,1,11-01-2014,0,3,6,2,9,4,0,0,0,0,0,0,0,544
1008,1977,Graduation,Married,34380.0,1,0,02-05-2013,68,4,4,1,3,8,0,0,0,0,0,0,0,175
1009,1963,PhD,Divorced,41003.0,0,0,17-03-2013,11,1,6,2,8,6,0,0,0,0,0,0,0,601
1010,1960,PhD,Divorced,50611.0,0,1,04-10-2012,98,6,4,5,7,6,0,1,0,0,0,0,0,493
1011,1978,Graduation,Together,22775.0,1,0,19-06-2013,40,1,1,0,2,8,0,0,0,0,0,0,0,15
1012,1986,2n Cycle,Married,21955.0,1,0,07-09-2013,81,2,2,1,3,6,0,0,0,0,0,0,0,55
1013,1968,Master,Divorced,23748.0,1,0,21-11-2012,97,3,2,1,3,8,0,0,0,0,0,0,0,76
1014,1976,Graduation,Married,17649.0,1,0,12-11-2013,70,3,3,0,3,8,0,0,0,0,0,0,0,45
1015,1971,Graduation,Together,34600.0,1,1,01-01-2013,8,5,5,2,5,8,0,0,0,0,0,0,1,318
1016,1968,Graduation,Together,58554.0,1,1,26-09-2012,55,6,8,2,6,7,0,0,0,0,0,0,0,586
1017,1953,Graduation,Divorced,62551.0,0,0,18-11-2013,27,1,6,7,4,3,1,0,0,0,0,0,0,421
1018,1976,Graduation,Together,51369.0,0,1,25-10-2012,84,2,8,2,4,8,0,0,0,0,0,0,0,576
1019,1984,Graduation,Single,52413.0,1,0,03-11-2012,67,2,7,1,7,7,0,0,0,0,0,0,0,450
1020,1978,Graduation,Married,73807.0,0,1,02-01-2013,88,2,5,5,11,2,0,0,0,0,0,0,0,849
1021,1972,Master,Married,75251.0,0,0,27-08-2012,34,1,7,6,5,5,0,0,0,0,0,0,1,1890
1022,1965,PhD,Married,84618.0,0,0,22-11-2013,96,1,6,9,10,2,0,0,1,0,0,0,0,1672
1023,1964,2n Cycle,Together,68316.0,0,1,04-11-2012,54,5,10,7,10,6,0,0,0,0,0,0,0,1211
1024,1951,Graduation,Married,94642.0,0,0,12-02-2014,35,0,5,7,9,1,0,0,1,1,0,0,0,2211
1025,1979,PhD,Together,27922.0,1,0,10-05-2014,80,1,2,0,3,4,0,0,0,0,0,0,0,41
1026,1955,PhD,Together,46015.0,1,1,13-04-2014,25,1,1,0,3,7,1,0,0,0,1,0,0,46
1027,1952,Master,Together,70545.0,0,1,03-06-2014,29,1,4,1,7,2,0,0,0,0,0,0,0,334
1028,1983,Graduation,Married,36790.0,0,0,01-03-2013,14,1,2,1,2,9,0,0,0,0,0,0,1,66
1029,1949,Graduation,Together,69372.0,0,0,19-02-2013,10,1,10,4,6,4,0,1,1,0,0,0,1,1381
1030,1969,Graduation,Together,38361.0,1,0,27-12-2013,74,3,3,1,3,7,0,0,0,0,0,0,0,137
1031,1984,PhD,Single,39684.0,1,0,12-10-2012,41,2,2,1,2,7,0,0,0,0,0,1,1,81
1032,1971,Graduation,Together,71819.0,0,1,28-08-2013,70,3,3,3,5,6,0,1,1,0,0,0,0,1574
1033,1972,Master,Married,35641.0,1,0,14-07-2013,11,2,3,1,4,7,0,0,0,0,0,0,1,178
1034,1979,Master,Married,40662.0,1,0,15-03-2013,0,2,2,1,3,4,0,0,0,0,0,0,0,92
1035,1956,Graduation,Single,91249.0,0,0,20-10-2012,84,0,7,9,6,4,0,1,1,1,1,0,1,1676
1036,1984,Graduation,Single,34738.0,1,0,11-05-2014,51,1,1,0,3,6,0,0,0,0,0,0,0,20
1037,1952,PhD,Together,85431.0,0,0,08-06-2013,54,1,2,7,7,0,0,0,0,0,0,0,0,1165
1038,1957,PhD,Married,75283.0,1,2,27-03-2013,26,11,6,3,5,4,0,0,0,0,0,0,0,1019
1039,1956,Master,Single,86424.0,0,0,05-04-2014,12,1,6,9,12,1,0,0,0,0,0,0,0,1226
1040,1958,Graduation,Married,48192.0,0,0,06-04-2013,76,3,2,8,12,8,0,1,0,1,1,0,1,1526
1041,1968,2n Cycle,Married,48985.0,0,1,05-07-2013,13,1,1,1,3,3,0,0,0,0,0,0,0,75
1042,1961,Graduation,Single,30081.0,0,1,21-02-2013,27,1,1,0,3,7,0,0,0,0,0,0,0,42
1043,1974,Graduation,Together,48186.0,1,0,20-03-2014,39,3,4,1,4,7,0,0,0,0,0,0,0,219
1044,1984,Graduation,Married,23228.0,1,0,05-01-2014,91,4,3,0,4,8,0,0,0,0,0,0,0,121
1045,1965,Graduation,Married,72190.0,0,0,13-02-2013,79,1,5,6,4,3,0,0,0,0,0,0,0,1947
1046,1978,Graduation,Married,17345.0,1,0,03-11-2012,79,2,2,1,2,8,0,0,0,0,0,0,0,58
1047,1964,Master,Single,63972.0,0,1,02-12-2012,93,4,5,4,10,4,0,1,0,0,0,0,0,1269
1048,1973,PhD,Single,46854.0,1,1,31-03-2014,81,6,5,1,3,8,1,0,0,0,0,0,1,263
1049,1959,Graduation,Married,53154.0,0,1,09-06-2014,50,1,3,1,4,4,0,0,0,0,0,0,0,158
1050,1958,Graduation,Divorced,35246.0,1,1,16-04-2014,53,4,3,1,3,5,0,0,0,0,0,0,0,62
1051,1976,Graduation,Married,61064.0,0,1,31-08-2012,80,5,8,4,11,6,0,0,0,0,0,0,0,1080
1052,1958,PhD,Single,79761.0,0,1,04-10-2013,32,1,5,2,11,3,0,0,0,0,0,0,0,605
1053,1955,Master,Single,36927.0,1,1,02-06-2014,46,2,3,0,3,8,0,0,0,0,0,0,0,71
1054,1962,Graduation,Single,69627.0,0,1,17-03-2013,35,2,8,2,11,5,0,0,0,0,0,0,0,861
1055,1975,Master,Single,31160.0,1,0,16-09-2013,59,2,2,0,3,8,0,0,0,0,0,0,0,64
1056,1944,Master,Married,80184.0,0,0,01-03-2014,19,1,6,3,10,3,0,0,1,1,0,0,0,1902
1057,1967,Master,Divorced,81380.0,0,0,22-12-2012,51,1,4,2,10,2,0,0,0,0,0,0,0,1893
1058,1988,Graduation,Single,66951.0,0,0,02-11-2013,46,1,3,4,7,1,0,0,0,0,0,0,0,1117
1059,1967,Graduation,Together,66825.0,0,0,14-07-2013,73,1,4,5,6,2,0,0,0,0,0,0,0,858
1060,1980,Graduation,Together,44964.0,1,1,16-12-2012,35,1,1,0,3,8,0,0,0,0,0,0,0,41
1061,1988,PhD,Married,67546.0,0,0,31-08-2012,90,1,4,10,5,3,0,0,0,0,0,0,0,2126
1062,1946,Graduation,Together,37760.0,0,0,31-08-2012,20,2,4,1,6,7,0,0,0,0,0,0,0,317
1063,1987,Graduation,Single,46923.0,1,0,22-08-2012,90,3,5,1,7,7,0,0,0,0,0,0,0,369
1064,1973,Basic,Together,27190.0,1,0,15-08-2013,13,1,1,0,2,8,1,0,0,0,0,0,1,18
1065,1982,PhD,Single,38513.0,1,0,28-01-2014,20,5,6,1,5,8,0,0,0,0,0,0,1,324
1066,1973,2n Cycle,Married,35688.0,2,1,22-08-2012,94,7,4,1,4,8,0,0,0,0,0,0,0,211
1067,1963,PhD,Married,53378.0,1,1,24-09-2012,41,10,9,4,6,8,0,0,0,0,0,0,1,793
1068,1960,Graduation,Together,44512.0,1,1,30-08-2013,57,2,1,0,3,4,0,0,0,0,0,0,0,32
1069,1973,Master,Married,38576.0,0,1,04-03-2014,2,1,1,0,3,7,0,0,0,0,0,0,0,41
1070,1985,Graduation,Married,31158.0,1,0,27-01-2013,62,2,2,0,3,8,0,0,0,0,0,0,0,72
1071,1951,Master,Single,58217.0,2,1,17-11-2012,84,1,2,0,4,6,0,0,0,0,0,0,0,103
1072,1956,Graduation,Divorced,22304.0,0,0,04-08-2012,91,1,1,0,2,8,0,0,0,0,0,0,0,18
1073,1987,Graduation,Married,7500.0,0,0,09-01-2013,94,1,0,0,3,6,0,0,0,0,0,0,0,15
1074,1979,Graduation,Married,63777.0,1,1,24-03-2013,87,8,11,1,6,8,0,0,0,0,0,0,0,653
1075,1980,Graduation,Married,19107.0,1,0,22-08-2013,49,2,1,0,3,7,0,0,0,0,0,0,0,46
1076,1961,Graduation,Married,79410.0,0,0,29-05-2014,19,1,3,2,5,1,0,0,0,0,0,0,0,1370
1077,1989,Graduation,Married,28691.0,1,0,04-07-2013,56,1,1,0,3,8,0,0,0,0,0,0,0,34
1078,1963,PhD,Single,36736.0,1,1,10-05-2013,52,1,1,0,2,6,0,0,0,0,0,0,0,17
1079,1976,2n Cycle,Together,26907.0,1,1,20-08-2013,10,2,1,0,3,7,0,0,0,0,0,0,0,22
1080,1953,Master,Married,65569.0,0,1,05-11-2012,96,2,6,5,10,3,0,0,0,0,0,0,0,859
1081,1952,2n Cycle,Widow,28457.0,0,0,28-10-2012,96,1,4,1,4,8,0,0,0,0,0,0,0,205
1082,1971,Master,Married,34109.0,0,1,06-11-2013,39,1,0,0,3,4,0,0,0,0,0,0,0,22
1083,1980,Graduation,Married,47850.0,1,0,03-12-2013,72,1,3,0,4,6,0,0,0,0,0,0,0,134
1084,1977,Graduation,Single,28769.0,1,0,18-12-2012,76,3,4,1,4,9,0,0,0,0,0,0,0,191
1085,1962,PhD,Together,31497.0,0,1,06-12-2012,22,2,3,1,4,8,0,0,0,0,0,0,0,155
1086,1956,Master,Single,64857.0,0,0,23-11-2012,78,1,7,5,10,4,0,0,0,0,0,0,0,1540
1087,1976,Master,Single,72309.0,0,0,11-03-2013,64,1,5,6,8,3,0,0,0,1,0,0,1,1931
1088,1979,Graduation,Single,61825.0,0,1,07-08-2013,56,1,4,2,8,4,0,0,0,0,0,0,0,424
1089,1963,Graduation,Together,54414.0,1,1,23-01-2013,49,4,3,1,5,4,0,0,0,0,0,0,0,211
1090,1978,Graduation,Single,38643.0,1,1,29-11-2013,45,2,2,0,3,7,0,0,0,0,0,1,0,49
1091,1988,Graduation,Together,29604.0,1,0,08-12-2013,88,1,1,0,3,9,1,0,0,0,0,0,0,53
1092,1987,PhD,Single,74004.0,0,0,24-02-2014,5,1,4,6,4,3,0,0,1,1,0,0,1,1658
1093,1979,Basic,Together,24594.0,1,0,10-12-2013,94,1,1,0,3,5,0,0,0,0,0,0,0,29
1094,1952,Master,Divorced,59354.0,1,1,15-11-2013,53,3,6,1,5,6,0,0,0,0,0,0,0,310
1095,1962,PhD,Together,31497.0,0,1,06-12-2012,22,2,3,1,4,8,0,0,0,0,0,0,0,155
1096,1952,Graduation,Married,62998.0,0,1,30-09-2013,10,5,5,4,5,5,0,0,0,0,0,0,0,463
1097,1965,Graduation,Divorced,4861.0,0,0,22-06-2014,20,0,0,0,0,14,0,0,0,0,0,0,0,6
1098,1970,PhD,Married,23626.0,1,0,24-05-2014,84,3,3,1,3,5,0,0,0,0,0,0,0,43
1099,1973,PhD,Married,85844.0,0,0,29-05-2014,62,1,6,6,7,2,0,0,1,0,0,0,0,1958
1100,1956,Master,Single,55284.0,0,1,24-12-2012,60,3,7,5,8,5,0,0,0,0,0,0,0,764
1101,1971,Master,Divorced,42835.0,1,1,30-06-2013,64,7,6,6,4,6,0,0,0,0,0,0,0,595
1102,1946,PhD,Single,82800.0,0,0,24-11-2012,23,1,7,6,12,3,0,0,1,1,0,0,1,1315
1103,1956,Graduation,Together,46097.0,0,1,31-03-2013,11,5,3,1,6,4,0,0,0,0,0,0,0,241
1104,1986,Graduation,Married,23477.0,1,0,21-10-2013,39,3,3,0,4,8,0,0,0,0,0,0,0,147
1105,1975,Master,Married,37368.0,1,0,16-12-2013,4,1,1,0,2,6,1,0,0,0,0,0,0,30
1106,1974,Graduation,Divorced,53034.0,1,1,30-05-2013,30,8,6,1,7,8,0,0,0,0,0,0,0,447
1107,1952,PhD,Divorced,46610.0,0,2,29-10-2012,8,6,4,1,6,6,0,0,0,0,0,0,1,302
